room_number,building,start_time,end_time,course_code,instructor,booking_type
105,ALRD,2025-12-02 09:00:00,2025-12-02 11:00:00,"LAW_V 559D-W/LEC/002, LAW_V 359C-W/LEC/002Aloni, ErezLEC3-16",Unknown,LEC
105,ALRD,2025-12-03 09:00:00,2025-12-03 10:30:00,"LAW_V 468-W/LEC/003, LAW_V 588-W/LEC/003Hilland, AndreaLEC3-16",Unknown,LEC
105,ALRD,2025-12-04 09:00:00,2025-12-04 11:00:00,"LAW_V 559D-W/LEC/002, LAW_V 359C-W/LEC/002Aloni, ErezLEC3-16",Unknown,LEC
105,ALRD,2025-12-05 09:00:00,2025-12-05 10:30:00,"LAW_V 468-W/LEC/003, LAW_V 588-W/LEC/003Hilland, AndreaLEC3-16",Unknown,LEC
105,ALRD,2025-12-01 09:30:00,2025-12-01 12:30:00,"LAW_V 468-W/LEC/004, LAW_V 588-W/LEC/004Goldbach, TobyLEC3-16",Unknown,LEC
105,ALRD,2025-12-03 10:30:00,2025-12-03 12:30:00,"LAW_V 476C-W/LEC/002, LAW_V 507-W/LEC/002Cunliffe, EmmaLEC3-16",Unknown,LEC
105,ALRD,2025-12-05 10:30:00,2025-12-05 12:30:00,"LAW_V 476C-W/LEC/002, LAW_V 507-W/LEC/002Cunliffe, EmmaLEC3-16",Unknown,LEC
105,ALRD,2025-12-02 11:00:00,2025-12-02 12:30:00,"LAW_V 300-W/LEC/003Stewart, JamesLEC3-16",Unknown,LEC
105,ALRD,2025-12-04 11:00:00,2025-12-04 12:30:00,"LAW_V 300-W/LEC/003Stewart, JamesLEC3-16",Unknown,LEC
105,ALRD,2025-12-01 12:30:00,2025-12-01 14:00:00,SOCI_V 384-W/LEC/101LEC3-16,Unknown,LEC
105,ALRD,2025-12-03 12:30:00,2025-12-03 14:00:00,SOCI_V 384-W/LEC/101LEC3-16,Unknown,LEC
105,ALRD,2025-12-05 13:30:00,2025-12-05 15:30:00,"LAW_V 459C-W/LEC/001, LAW_V 508D-W/LEC/001Hutchison, CamdenLEC3-16",Unknown,LEC
105,ALRD,2025-12-01 14:00:00,2025-12-01 17:00:00,"ASIA_V 328-W/LEC/011Ahmed, RumeeLEC3-16",Unknown,LEC
105,ALRD,2025-12-02 14:00:00,2025-12-02 15:30:00,"LAW_V 231-W/LEC/002Pavlich, DennisLEC3-16",Unknown,LEC
105,ALRD,2025-12-03 14:00:00,2025-12-03 16:00:00,"LAW_V 459C-W/LEC/001, LAW_V 508D-W/LEC/001Hutchison, CamdenLEC3-16",Unknown,LEC
105,ALRD,2025-12-04 14:00:00,2025-12-04 15:30:00,"LAW_V 231-W/LEC/002Pavlich, DennisLEC3-16",Unknown,LEC
105,ALRD,2025-12-02 15:30:00,2025-12-02 17:00:00,"SOCI_V 387-W/LEC/101Richardson, LindseyLEC3-16",Unknown,LEC
105,ALRD,2025-12-04 15:30:00,2025-12-04 17:00:00,"SOCI_V 387-W/LEC/101Richardson, LindseyLEC3-16",Unknown,LEC
105,ALRD,2025-12-01 18:00:00,2025-12-01 21:00:00,"LAW_V 540-W/LEC/001, LAW_V 440-W/LEC/001Gubeli, Aaron, Bank, JordanLEC3-16",Unknown,LEC
105,ALRD,2025-12-02 18:00:00,2025-12-02 21:00:00,"LAW_V 469-W/LEC/001, LAW_V 590-W/LEC/001Campbell, Jessica, Wells, NathanLEC3-16",Unknown,LEC
105,ALRD,2025-12-04 18:00:00,2025-12-04 21:00:00,"WRDS_V 150-W/LEC/R/3-HRKarpe, RohanLEC3-16",Unknown,LEC
112,ALRD,2025-12-01 09:30:00,2025-12-01 12:30:00,N/A,Unknown,OTHER
112,ALRD,2025-12-02 09:30:00,2025-12-02 12:30:00,N/A,Unknown,OTHER
112,ALRD,2025-12-03 09:30:00,2025-12-03 12:30:00,N/A,Unknown,OTHER
112,ALRD,2025-12-04 09:30:00,2025-12-04 11:00:00,N/A,Unknown,OTHER
112,ALRD,2025-12-05 09:30:00,2025-12-05 12:30:00,"LAW_V 579C-W/LEC/001, LAW_V 357C-W/001Faille, MaximeLEC3-16",Unknown,LEC
112,ALRD,2025-12-04 11:00:00,2025-12-04 13:00:00,N/A,Unknown,OTHER
112,ALRD,2025-12-02 12:30:00,2025-12-02 14:00:00,N/A,Unknown,OTHER
112,ALRD,2025-12-05 13:30:00,2025-12-05 18:00:00,N/A,Unknown,OTHER
112,ALRD,2025-12-01 14:00:00,2025-12-01 17:00:00,N/A,Unknown,OTHER
112,ALRD,2025-12-03 14:00:00,2025-12-03 17:00:00,N/A,Unknown,OTHER
112,ALRD,2025-12-04 14:00:00,2025-12-04 17:00:00,"LAW_V 395-W/LEC/001, LAW_V 595-W/LEC/001Garton, BillyLEC3-16",Unknown,LEC
112,ALRD,2025-12-02 15:00:00,2025-12-02 18:00:00,N/A,Unknown,OTHER
112,ALRD,2025-12-01 17:30:00,2025-12-01 20:30:00,N/A,Unknown,OTHER
112,ALRD,2025-12-02 19:00:00,2025-12-02 20:30:00,N/A,Unknown,OTHER
113,ALRD,2025-12-04 09:30:00,2025-12-04 11:00:00,N/A,Unknown,OTHER
113,ALRD,2025-12-05 09:30:00,2025-12-05 12:30:00,N/A,Unknown,OTHER
113,ALRD,2025-12-03 10:00:00,2025-12-03 12:00:00,N/A,Unknown,OTHER
113,ALRD,2025-12-04 11:00:00,2025-12-04 12:30:00,"ARCH_V 505F-W/LEC/2Gutierrez Monroy, TaniaLEC3-16",Unknown,LEC
113,ALRD,2025-12-01 14:00:00,2025-12-01 17:00:00,"LAW_V 587C-W/LEC/001, LAW_V 387B-W/LEC/001Stacey, JocelynLEC3-16",Unknown,LEC
113,ALRD,2025-12-02 14:00:00,2025-12-02 17:00:00,N/A,Unknown,OTHER
113,ALRD,2025-12-03 14:00:00,2025-12-03 17:00:00,N/A,Unknown,OTHER
113,ALRD,2025-12-04 14:00:00,2025-12-04 17:00:00,N/A,Unknown,OTHER
113,ALRD,2025-12-01 17:00:00,2025-12-01 19:00:00,N/A,Unknown,OTHER
113,ALRD,2025-12-02 17:00:00,2025-12-02 20:00:00,N/A,Unknown,OTHER
113,ALRD,2025-12-04 17:00:00,2025-12-04 20:00:00,N/A,Unknown,OTHER
121,ALRD,2025-12-02 09:00:00,2025-12-02 11:00:00,"LAW_V 459C-W/LEC/002, LAW_V 508D-W/LEC/002Peihani, MaziarLEC3-16",Unknown,LEC
121,ALRD,2025-12-03 09:00:00,2025-12-03 10:30:00,"LAW_V 438-W/LEC/001, LAW_V 538-W/LEC/001MacDougall, BruceLEC3-16",Unknown,LEC
121,ALRD,2025-12-04 09:00:00,2025-12-04 11:00:00,"LAW_V 459C-W/LEC/002, LAW_V 508D-W/LEC/002Peihani, MaziarLEC3-16",Unknown,LEC
121,ALRD,2025-12-05 09:00:00,2025-12-05 10:30:00,"LAW_V 438-W/LEC/001, LAW_V 538-W/LEC/001MacDougall, BruceLEC3-16",Unknown,LEC
121,ALRD,2025-12-06 09:00:00,2025-12-06 17:00:00,N/A,Unknown,OTHER
121,ALRD,2025-12-07 09:00:00,2025-12-07 17:00:00,N/A,Unknown,OTHER
121,ALRD,2025-12-01 09:30:00,2025-12-01 12:30:00,"LAW_V 200-W/001Williams, KarennaLEC3-16",Unknown,LEC
121,ALRD,2025-12-03 10:30:00,2025-12-03 12:30:00,"LAW_V 506-W/LEC/002, LAW_V 407C-W/LEC/002Cui, WeiLEC3-16",Unknown,LEC
121,ALRD,2025-12-05 10:30:00,2025-12-05 12:30:00,"LAW_V 506-W/LEC/002, LAW_V 407C-W/LEC/002Cui, WeiLEC3-16",Unknown,LEC
121,ALRD,2025-12-02 11:00:00,2025-12-02 12:30:00,"LAW_V 221-W/LEC/003Gordon, SaraLEC3-16",Unknown,LEC
121,ALRD,2025-12-04 11:00:00,2025-12-04 12:30:00,"LAW_V 221-W/LEC/003Gordon, SaraLEC3-16",Unknown,LEC
121,ALRD,2025-12-02 12:30:00,2025-12-02 14:00:00,"AMNE_V 200-W/LEC/101Cooper, ElisabethLEC3-16",Unknown,LEC
121,ALRD,2025-12-03 12:30:00,2025-12-03 13:00:00,N/A,Unknown,OTHER
121,ALRD,2025-12-04 12:30:00,2025-12-04 14:00:00,"AMNE_V 200-W/LEC/101Cooper, ElisabethLEC3-16",Unknown,LEC
121,ALRD,2025-12-05 12:30:00,2025-12-05 17:30:00,N/A,Unknown,OTHER
121,ALRD,2025-12-02 14:00:00,2025-12-02 15:30:00,"LAW_V 231-W/LEC/004Hofri-Winogradow, AdamLEC3-16",Unknown,LEC
121,ALRD,2025-12-03 14:00:00,2025-12-03 17:00:00,N/A,Unknown,OTHER
121,ALRD,2025-12-04 14:00:00,2025-12-04 15:30:00,"LAW_V 231-W/LEC/004Hofri-Winogradow, AdamLEC3-16",Unknown,LEC
121,ALRD,2025-12-02 15:30:00,2025-12-02 17:00:00,"BIOL_V 460-W/LEC/101Altshuler, DouglasLEC3-16",Unknown,LEC
121,ALRD,2025-12-04 15:30:00,2025-12-04 17:00:00,"BIOL_V 460-W/LEC/101Altshuler, DouglasLEC3-16",Unknown,LEC
121,ALRD,2025-12-01 17:00:00,2025-12-01 20:00:00,"LAW_V 394-W/LEC/001Collie, Don, Monk, AlanLEC3-16",Unknown,LEC
B101,ALRD,2025-12-03 08:00:00,2025-12-03 09:30:00,"WRDS_V 150-W/LEC/WF/1.5-HRLou, AdrianLEC3-16",Unknown,LEC
B101,ALRD,2025-12-05 08:00:00,2025-12-05 09:30:00,"WRDS_V 150-W/LEC/WF/1.5-HRLou, AdrianLEC3-16",Unknown,LEC
B101,ALRD,2025-12-01 09:30:00,2025-12-01 12:30:00,N/A,Unknown,OTHER
B101,ALRD,2025-12-02 09:30:00,2025-12-02 11:00:00,"ECON_V 602-W/LEC/001Bostanci, GorkemLEC3-16",Unknown,LEC
B101,ALRD,2025-12-04 09:30:00,2025-12-04 11:00:00,"ECON_V 602-W/LEC/001Bostanci, GorkemLEC3-16",Unknown,LEC
B101,ALRD,2025-12-02 11:00:00,2025-12-02 12:30:00,"LAW_V 334-W/LEC/001Cheng, Jie, Matsui, Shigenori, Kim, JohnLEC3-16",Unknown,LEC
B101,ALRD,2025-12-04 11:00:00,2025-12-04 12:30:00,"LAW_V 334-W/LEC/001Cheng, Jie, Matsui, Shigenori, Kim, JohnLEC3-16",Unknown,LEC
B101,ALRD,2025-12-01 12:30:00,2025-12-01 14:00:00,"PERS_V 100-W/LEC/011Dehghani, HessamLEC3-16",Unknown,LEC
B101,ALRD,2025-12-03 12:30:00,2025-12-03 14:00:00,"PERS_V 100-W/LEC/011Dehghani, HessamLEC3-16",Unknown,LEC
B101,ALRD,2025-12-05 12:30:00,2025-12-05 13:30:00,"PERS_V 100-W/LEC/1Dehghani, HessamLEC3-16",Unknown,LEC
B101,ALRD,2025-12-01 14:00:00,2025-12-01 16:00:00,"PERS_V 300-W/LEC/011Dehghani, HessamLEC3-16",Unknown,LEC
B101,ALRD,2025-12-02 14:00:00,2025-12-02 15:30:00,"LAW_V 588-W/LEC/006Russo, RobertLEC3-16",Unknown,LEC
B101,ALRD,2025-12-03 14:00:00,2025-12-03 16:00:00,"PERS_V 300-W/LEC/011Dehghani, HessamLEC3-16",Unknown,LEC
B101,ALRD,2025-12-04 14:00:00,2025-12-04 15:30:00,"LAW_V 588-W/LEC/006Russo, RobertLEC3-16",Unknown,LEC
B101,ALRD,2025-12-02 16:00:00,2025-12-02 20:00:00,"LAW_V 508D-W/LEC/004Sidhu, SarahLEC3-16",Unknown,LEC
202,ANSO,2025-12-06 07:00:00,2025-12-06 22:00:00,"Maintenance Hold  Sat, Sun (week(s): December 1, 2025) 7:00 - ANSO 202, ANSO 203, ANSO 205, ANSO 207",Unknown,MAINT
202,ANSO,2025-12-07 07:00:00,2025-12-07 22:00:00,"Maintenance Hold  Sat, Sun (week(s): December 1, 2025) 7:00 - ANSO 202, ANSO 203, ANSO 205, ANSO 207",Unknown,MAINT
202,ANSO,2025-12-05 09:00:00,2025-12-05 10:00:00,N/A,Unknown,OTHER
202,ANSO,2025-12-05 10:00:00,2025-12-05 11:00:00,N/A,Unknown,OTHER
202,ANSO,2025-12-04 11:00:00,2025-12-04 12:30:00,"ARCH_V 504G-W/2Stevens, SaraLEC3-16",Unknown,LEC
202,ANSO,2025-12-05 11:00:00,2025-12-05 12:00:00,N/A,Unknown,OTHER
202,ANSO,2025-12-05 12:00:00,2025-12-05 13:00:00,N/A,Unknown,OTHER
202,ANSO,2025-12-05 13:00:00,2025-12-05 14:00:00,N/A,Unknown,OTHER
202,ANSO,2025-12-02 14:00:00,2025-12-02 15:30:00,N/A,Unknown,OTHER
202,ANSO,2025-12-03 14:00:00,2025-12-03 17:00:00,N/A,Unknown,OTHER
202,ANSO,2025-12-04 14:00:00,2025-12-04 15:30:00,N/A,Unknown,OTHER
202,ANSO,2025-12-05 14:00:00,2025-12-05 15:00:00,N/A,Unknown,OTHER
202,ANSO,2025-12-05 15:00:00,2025-12-05 16:00:00,N/A,Unknown,OTHER
203,ANSO,2025-12-06 07:00:00,2025-12-06 22:00:00,"Maintenance Hold  Sat, Sun (week(s): December 1, 2025) 7:00 - ANSO 202, ANSO 203, ANSO 205, ANSO 207",Unknown,MAINT
203,ANSO,2025-12-07 07:00:00,2025-12-07 22:00:00,"Maintenance Hold  Sat, Sun (week(s): December 1, 2025) 7:00 - ANSO 202, ANSO 203, ANSO 205, ANSO 207",Unknown,MAINT
203,ANSO,2025-12-01 10:00:00,2025-12-01 11:00:00,N/A,Unknown,OTHER
203,ANSO,2025-12-03 10:00:00,2025-12-03 11:00:00,N/A,Unknown,OTHER
203,ANSO,2025-12-04 10:00:00,2025-12-04 11:00:00,N/A,Unknown,OTHER
203,ANSO,2025-12-01 11:00:00,2025-12-01 12:00:00,N/A,Unknown,OTHER
203,ANSO,2025-12-03 11:00:00,2025-12-03 12:00:00,N/A,Unknown,OTHER
203,ANSO,2025-12-04 11:00:00,2025-12-04 12:00:00,N/A,Unknown,OTHER
203,ANSO,2025-12-05 11:00:00,2025-12-05 12:00:00,N/A,Unknown,OTHER
203,ANSO,2025-12-01 12:00:00,2025-12-01 13:00:00,N/A,Unknown,OTHER
203,ANSO,2025-12-03 12:00:00,2025-12-03 13:00:00,N/A,Unknown,OTHER
203,ANSO,2025-12-04 12:00:00,2025-12-04 13:00:00,N/A,Unknown,OTHER
203,ANSO,2025-12-05 12:00:00,2025-12-05 13:00:00,N/A,Unknown,OTHER
203,ANSO,2025-12-04 13:00:00,2025-12-04 14:00:00,N/A,Unknown,OTHER
203,ANSO,2025-12-05 13:00:00,2025-12-05 14:00:00,N/A,Unknown,OTHER
203,ANSO,2025-12-04 14:00:00,2025-12-04 17:00:00,"PERS_V 451-W/LEC/011Hoffmann, AlexandraLEC3-16",Unknown,LEC
203,ANSO,2025-12-05 14:00:00,2025-12-05 15:00:00,N/A,Unknown,OTHER
203,ANSO,2025-12-05 15:00:00,2025-12-05 16:00:00,N/A,Unknown,OTHER
203,ANSO,2025-12-05 16:00:00,2025-12-05 17:00:00,N/A,Unknown,OTHER
205,ANSO,2025-12-06 07:00:00,2025-12-06 22:00:00,"Maintenance Hold  Sat, Sun (week(s): December 1, 2025) 7:00 - ANSO 202, ANSO 203, ANSO 205, ANSO 207",Unknown,MAINT
205,ANSO,2025-12-07 07:00:00,2025-12-07 22:00:00,"Maintenance Hold  Sat, Sun (week(s): December 1, 2025) 7:00 - ANSO 202, ANSO 203, ANSO 205, ANSO 207",Unknown,MAINT
205,ANSO,2025-12-04 10:00:00,2025-12-04 11:00:00,N/A,Unknown,OTHER
205,ANSO,2025-12-01 11:00:00,2025-12-01 12:30:00,"SOCI_V 415A-W/LEC/101Alexander, AlyssaLEC3-16",Unknown,LEC
205,ANSO,2025-12-03 11:00:00,2025-12-03 12:30:00,"SOCI_V 415A-W/LEC/101Alexander, AlyssaLEC3-16",Unknown,LEC
205,ANSO,2025-12-04 11:00:00,2025-12-04 12:00:00,N/A,Unknown,OTHER
205,ANSO,2025-12-01 12:30:00,2025-12-01 14:00:00,"ANTH_V 418-W/LEC/001Jing, ZhichunLEC3-16",Unknown,LEC
205,ANSO,2025-12-02 12:30:00,2025-12-02 14:00:00,N/A,Unknown,OTHER
205,ANSO,2025-12-03 12:30:00,2025-12-03 14:00:00,"ANTH_V 418-W/LEC/001Jing, ZhichunLEC3-16",Unknown,LEC
205,ANSO,2025-12-04 12:30:00,2025-12-04 14:00:00,N/A,Unknown,OTHER
205,ANSO,2025-12-02 14:00:00,2025-12-02 17:00:00,N/A,Unknown,OTHER
205,ANSO,2025-12-04 14:00:00,2025-12-04 15:30:00,"PUNJ_V 200-W/LEC/002Mann, GurinderpalLEC3-16",Unknown,LEC
205,ANSO,2025-12-05 14:00:00,2025-12-05 15:00:00,N/A,Unknown,OTHER
205,ANSO,2025-12-05 15:00:00,2025-12-05 16:00:00,N/A,Unknown,OTHER
205,ANSO,2025-12-01 15:30:00,2025-12-01 17:00:00,N/A,Unknown,OTHER
205,ANSO,2025-12-03 15:30:00,2025-12-03 17:00:00,N/A,Unknown,OTHER
207,ANSO,2025-12-06 07:00:00,2025-12-06 22:00:00,"Maintenance Hold  Sat, Sun (week(s): December 1, 2025) 7:00 - ANSO 202, ANSO 203, ANSO 205, ANSO 207",Unknown,MAINT
207,ANSO,2025-12-07 07:00:00,2025-12-07 22:00:00,"Maintenance Hold  Sat, Sun (week(s): December 1, 2025) 7:00 - ANSO 202, ANSO 203, ANSO 205, ANSO 207",Unknown,MAINT
207,ANSO,2025-12-01 09:30:00,2025-12-01 11:00:00,"SOCI_V 360-W/LEC/101McConnell, KathrynLEC3-16",Unknown,LEC
207,ANSO,2025-12-02 09:30:00,2025-12-02 11:00:00,"SOCI_V 320-W/LEC/101Qian, YueLEC3-16",Unknown,LEC
207,ANSO,2025-12-03 09:30:00,2025-12-03 11:00:00,"SOCI_V 360-W/LEC/101McConnell, KathrynLEC3-16",Unknown,LEC
207,ANSO,2025-12-04 09:30:00,2025-12-04 11:00:00,"SOCI_V 320-W/LEC/101Qian, YueLEC3-16",Unknown,LEC
207,ANSO,2025-12-05 10:00:00,2025-12-05 11:00:00,N/A,Unknown,OTHER
207,ANSO,2025-12-01 11:00:00,2025-12-01 12:30:00,"SOCI_V 101-W/LEC/103MacKenzie, ChristopherLEC3-16",Unknown,LEC
207,ANSO,2025-12-03 11:00:00,2025-12-03 12:30:00,"SOCI_V 101-W/LEC/103MacKenzie, ChristopherLEC3-16",Unknown,LEC
207,ANSO,2025-12-05 12:00:00,2025-12-05 13:00:00,N/A,Unknown,OTHER
207,ANSO,2025-12-01 12:30:00,2025-12-01 14:00:00,"SOCI_V 303-W/LEC/101Karimi, AryanLEC3-16",Unknown,LEC
207,ANSO,2025-12-03 12:30:00,2025-12-03 14:00:00,"SOCI_V 303-W/LEC/101Karimi, AryanLEC3-16",Unknown,LEC
207,ANSO,2025-12-01 14:00:00,2025-12-01 15:30:00,"SOCI_V 380-W/LEC/101Tindall, DavidLEC3-16",Unknown,LEC
207,ANSO,2025-12-02 14:00:00,2025-12-02 15:30:00,"SOCI_V 372-W/LEC/101Fu, QiangLEC3-16",Unknown,LEC
207,ANSO,2025-12-03 14:00:00,2025-12-03 15:30:00,"SOCI_V 380-W/LEC/101Tindall, DavidLEC3-16",Unknown,LEC
207,ANSO,2025-12-04 14:00:00,2025-12-04 15:30:00,"SOCI_V 372-W/LEC/101Fu, QiangLEC3-16",Unknown,LEC
207,ANSO,2025-12-05 15:00:00,2025-12-05 16:00:00,N/A,Unknown,OTHER
207,ANSO,2025-12-02 15:30:00,2025-12-02 17:00:00,N/A,Unknown,OTHER
207,ANSO,2025-12-04 15:30:00,2025-12-04 17:00:00,N/A,Unknown,OTHER
207,ANSO,2025-12-03 16:00:00,2025-12-03 17:00:00,N/A,Unknown,OTHER
120,AERL,2025-12-03 09:00:00,2025-12-03 11:00:00,"ELEC_V 315-W/LEC/101Servati, PeymanLEC3-16",Unknown,LEC
120,AERL,2025-12-05 09:00:00,2025-12-05 11:00:00,"ELEC_V 315-W/LEC/101Servati, PeymanLEC3-16",Unknown,LEC
120,AERL,2025-12-02 09:30:00,2025-12-02 11:00:00,"CPEN_V 455-W/LEC/101Liao, RenjieLEC3-16",Unknown,LEC
120,AERL,2025-12-04 09:30:00,2025-12-04 11:00:00,"CPEN_V 455-W/LEC/101Liao, RenjieLEC3-16",Unknown,LEC
120,AERL,2025-12-01 10:00:00,2025-12-01 12:00:00,"ARTS_V 001A-W/LEC/301Evans, Christine, Dixon, Joy, Paul, Joseph, Crawford, Robert, Konoval, Michael ",Unknown,LEC
120,AERL,2025-12-02 11:00:00,2025-12-02 12:30:00,"CHEM_V 250-W/LEC/166Monga, VishakhaLEC3-16",Unknown,LEC
120,AERL,2025-12-03 11:00:00,2025-12-03 12:00:00,"CHBE_V 362-W/101Mohseni, MadjidLEC3-16",Unknown,LEC
120,AERL,2025-12-04 11:00:00,2025-12-04 12:30:00,"CHEM_V 250-W/LEC/166Monga, VishakhaLEC3-16",Unknown,LEC
120,AERL,2025-12-05 11:00:00,2025-12-05 12:00:00,"FISH_V 500-W/LEC/100Sumaila, Ussif Rashid, Rosen, DavidLEC3-16, 21-26, 28-34",Unknown,LEC
120,AERL,2025-12-02 12:30:00,2025-12-02 14:00:00,"CHBE_V 352-W/LEC/101Martinez, MarkLEC3-16",Unknown,LEC
120,AERL,2025-12-04 12:30:00,2025-12-04 14:00:00,"CHBE_V 352-W/LEC/101Martinez, MarkLEC3-16",Unknown,LEC
120,AERL,2025-12-01 13:00:00,2025-12-01 14:30:00,"MECH_V 260-W/LEC/101Hendra, GrahamLEC3-16",Unknown,LEC
120,AERL,2025-12-03 13:00:00,2025-12-03 14:30:00,"MECH_V 260-W/LEC/101Hendra, GrahamLEC3-16",Unknown,LEC
120,AERL,2025-12-05 13:00:00,2025-12-05 14:00:00,N/A,Unknown,OTHER
120,AERL,2025-12-02 14:00:00,2025-12-02 15:30:00,"CPEN_V 311-W/LEC/101Grecu, Cristian SorinLEC3-16",Unknown,LEC
120,AERL,2025-12-04 14:00:00,2025-12-04 15:30:00,"CPEN_V 311-W/LEC/101Grecu, Cristian SorinLEC3-16",Unknown,LEC
120,AERL,2025-12-02 15:30:00,2025-12-02 17:00:00,"STAT_V 404-W/LEC/101Welch, WilliamLEC3-16",Unknown,LEC
120,AERL,2025-12-04 15:30:00,2025-12-04 17:00:00,"STAT_V 404-W/LEC/101Welch, WilliamLEC3-16",Unknown,LEC
120,AERL,2025-12-01 16:00:00,2025-12-01 17:00:00,"STAT_V 305-W/LEC/101Nolde, NataliaLEC3-16",Unknown,LEC
120,AERL,2025-12-03 16:00:00,2025-12-03 17:00:00,"STAT_V 305-W/LEC/101Nolde, NataliaLEC3-16",Unknown,LEC
120,AERL,2025-12-05 16:00:00,2025-12-05 17:00:00,"STAT_V 305-W/LEC/101Nolde, NataliaLEC3-16",Unknown,LEC
120,AERL,2025-12-02 17:00:00,2025-12-02 18:30:00,"FNH_V 415-W/LEC/001Taylor, KarenLEC3-16",Unknown,LEC
120,AERL,2025-12-04 17:00:00,2025-12-04 18:30:00,"FNH_V 415-W/LEC/001Taylor, KarenLEC3-16",Unknown,LEC
120,AERL,2025-12-04 18:30:00,2025-12-04 21:30:00,N/A,Unknown,OTHER
142,AUDX,2025-12-03 09:30:00,2025-12-03 12:30:00,N/A,Unknown,OTHER
142,AUDX,2025-12-02 11:00:00,2025-12-02 13:00:00,N/A,Unknown,OTHER
142,AUDX,2025-12-04 11:00:00,2025-12-04 13:00:00,N/A,Unknown,OTHER
142,AUDX,2025-12-01 12:00:00,2025-12-01 14:00:00,N/A,Unknown,OTHER
142,AUDX,2025-12-02 13:00:00,2025-12-02 16:00:00,N/A,Unknown,OTHER
142,AUDX,2025-12-03 13:00:00,2025-12-03 14:00:00,N/A,Unknown,OTHER
142,AUDX,2025-12-04 13:00:00,2025-12-04 16:00:00,N/A,Unknown,OTHER
142,AUDX,2025-12-05 14:00:00,2025-12-05 17:00:00,N/A,Unknown,OTHER
142,AUDX,2025-12-03 15:00:00,2025-12-03 16:00:00,N/A,Unknown,OTHER
157,AUDX,2025-12-02 11:00:00,2025-12-02 13:00:00,N/A,Unknown,OTHER
157,AUDX,2025-12-03 11:00:00,2025-12-03 14:00:00,N/A,Unknown,OTHER
157,AUDX,2025-12-04 11:00:00,2025-12-04 13:00:00,N/A,Unknown,OTHER
157,AUDX,2025-12-02 13:00:00,2025-12-02 14:00:00,N/A,Unknown,OTHER
157,AUDX,2025-12-04 14:00:00,2025-12-04 15:30:00,N/A,Unknown,OTHER
157,AUDX,2025-12-01 14:30:00,2025-12-01 15:30:00,N/A,Unknown,OTHER
157,AUDX,2025-12-03 14:30:00,2025-12-03 15:30:00,N/A,Unknown,OTHER
157,AUDX,2025-12-02 15:30:00,2025-12-02 17:00:00,"CHIN_V 486-W/LEC/011Liu, Xue ShunLEC3-16",Unknown,LEC
157,AUDX,2025-12-04 15:30:00,2025-12-04 17:00:00,"CHIN_V 486-W/LEC/011Liu, Xue ShunLEC3-16",Unknown,LEC
1000,BIOL,2025-12-02 08:00:00,2025-12-02 09:30:00,"BIOL_V 121-W/LEC/121Dee, JaclynLEC3-16",Unknown,LEC
1000,BIOL,2025-12-04 08:00:00,2025-12-04 09:30:00,"BIOL_V 121-W/LEC/121Dee, JaclynLEC3-16",Unknown,LEC
1000,BIOL,2025-12-01 09:30:00,2025-12-01 11:00:00,"NSCI_V 311-W/LEC/001Stiver, MikaelaLEC3-16",Unknown,LEC
1000,BIOL,2025-12-02 09:30:00,2025-12-02 11:00:00,"PCTH_V 325-W/LEC/001Abadi, Shirin S.A., Abdelrahman, Khaled, Bardal, Stan, Barr, Alasdair, Bozek, Ca",Unknown,LEC
1000,BIOL,2025-12-03 09:30:00,2025-12-03 11:00:00,"NSCI_V 311-W/LEC/001Stiver, MikaelaLEC3-16",Unknown,LEC
1000,BIOL,2025-12-04 09:30:00,2025-12-04 11:00:00,"PCTH_V 325-W/LEC/001Abadi, Shirin S.A., Abdelrahman, Khaled, Bardal, Stan, Barr, Alasdair, Bozek, Ca",Unknown,LEC
1000,BIOL,2025-12-05 09:30:00,2025-12-05 11:00:00,"CRWR_V 201-W/LEC/001Warrener, SherydaLEC3-16",Unknown,LEC
1000,BIOL,2025-12-01 11:00:00,2025-12-01 12:00:00,"EOSC_V 114-W/LEC/101Porritt, Lucy, Peacock, Simon, McCollor, DouglasLEC3-16",Unknown,LEC
1000,BIOL,2025-12-02 11:00:00,2025-12-02 12:30:00,"EOSC_V 210-W/LEC/101Yeung, Jason, Gilley, Brett, Ameli, AliLEC3-16",Unknown,LEC
1000,BIOL,2025-12-03 11:00:00,2025-12-03 12:00:00,"EOSC_V 114-W/LEC/101Porritt, Lucy, Peacock, Simon, McCollor, DouglasLEC3-16",Unknown,LEC
1000,BIOL,2025-12-04 11:00:00,2025-12-04 12:30:00,"EOSC_V 210-W/LEC/101Yeung, Jason, Gilley, Brett, Ameli, AliLEC3-16",Unknown,LEC
1000,BIOL,2025-12-05 11:00:00,2025-12-05 12:00:00,"EOSC_V 114-W/LEC/101Porritt, Lucy, Peacock, Simon, McCollor, DouglasLEC3-16",Unknown,LEC
1000,BIOL,2025-12-01 12:00:00,2025-12-01 13:00:00,"BIOL_V 112-W/LEC/102Chen, LianeLEC3-16",Unknown,LEC
1000,BIOL,2025-12-03 12:00:00,2025-12-03 13:00:00,"BIOL_V 112-W/LEC/102Chen, LianeLEC3-16",Unknown,LEC
1000,BIOL,2025-12-05 12:00:00,2025-12-05 13:00:00,"BIOL_V 112-W/LEC/102Chen, LianeLEC3-16",Unknown,LEC
1000,BIOL,2025-12-02 12:30:00,2025-12-02 14:00:00,"BIOL_V 371-W/101Ballagh, IreneLEC3-16",Unknown,LEC
1000,BIOL,2025-12-04 12:30:00,2025-12-04 14:00:00,"BIOL_V 371-W/101Ballagh, IreneLEC3-16",Unknown,LEC
1000,BIOL,2025-12-01 13:00:00,2025-12-01 14:00:00,"BIOL_V 121-W/LEC/123Clarkston, BridgetteLEC3-16",Unknown,LEC
1000,BIOL,2025-12-03 13:00:00,2025-12-03 14:00:00,"BIOL_V 121-W/LEC/123Clarkston, BridgetteLEC3-16",Unknown,LEC
1000,BIOL,2025-12-05 13:00:00,2025-12-05 14:00:00,"BIOL_V 121-W/LEC/123Clarkston, BridgetteLEC3-16",Unknown,LEC
1000,BIOL,2025-12-01 14:00:00,2025-12-01 15:00:00,"BIOC_V 202-W/LEC/001Rowley, Michael, Williams, WarrenLEC3-16",Unknown,LEC
1000,BIOL,2025-12-02 14:00:00,2025-12-02 15:30:00,"BIOL_V 121-W/LEC/124Steinwand, BlaireLEC3-16",Unknown,LEC
1000,BIOL,2025-12-03 14:00:00,2025-12-03 15:00:00,"BIOC_V 202-W/LEC/001Rowley, Michael, Williams, WarrenLEC3-16",Unknown,LEC
1000,BIOL,2025-12-04 14:00:00,2025-12-04 15:30:00,"BIOL_V 121-W/LEC/124Steinwand, BlaireLEC3-16",Unknown,LEC
1000,BIOL,2025-12-05 14:00:00,2025-12-05 15:00:00,"BIOC_V 202-W/LEC/001Rowley, Michael, Williams, WarrenLEC3-16",Unknown,LEC
1000,BIOL,2025-12-01 15:00:00,2025-12-01 16:00:00,"CHEM_V 233-W/LEC/103Sammis, GlennLEC3-16",Unknown,LEC
1000,BIOL,2025-12-03 15:00:00,2025-12-03 16:00:00,"CHEM_V 233-W/LEC/103Sammis, GlennLEC3-16",Unknown,LEC
1000,BIOL,2025-12-05 15:00:00,2025-12-05 16:00:00,"CHEM_V 233-W/LEC/103Sammis, GlennLEC3-16",Unknown,LEC
1000,BIOL,2025-12-02 15:30:00,2025-12-02 17:00:00,"DSCI_V 100-W/LEC/1Yu, Hoi Yin Eugenia, Chen, DanielLEC3-16",Unknown,LEC
1000,BIOL,2025-12-04 15:30:00,2025-12-04 17:00:00,"DSCI_V 100-W/LEC/1Yu, Hoi Yin Eugenia, Chen, DanielLEC3-16",Unknown,LEC
1000,BIOL,2025-12-01 16:00:00,2025-12-01 17:30:00,"STAT_V 201-W/LEC/202Auger-Methe, MarieLEC3-16",Unknown,LEC
1000,BIOL,2025-12-03 16:00:00,2025-12-03 17:30:00,"STAT_V 201-W/LEC/202Auger-Methe, MarieLEC3-16",Unknown,LEC
1000,BIOL,2025-12-04 17:00:00,2025-12-04 18:00:00,STAT_V 301-W/LEC/T1ADIS3-16,Unknown,LEC
1000,BIOL,2025-12-04 18:00:00,2025-12-04 19:00:00,N/A,Unknown,OTHER
1001,BIOL,2025-12-06 07:00:00,2025-12-06 22:00:00,N/A,Unknown,OTHER
1001,BIOL,2025-12-04 08:00:00,2025-12-04 09:30:00,"APSC_V 262-W/LEC/102Jameson, AlexanderLEC3-16",Unknown,LEC
1001,BIOL,2025-12-05 09:30:00,2025-12-05 11:00:00,N/A,Unknown,OTHER
1001,BIOL,2025-12-01 11:00:00,2025-12-01 12:00:00,"CHIN_V 231-W/LEC/011Tao, HongyangLEC3-16",Unknown,LEC
1001,BIOL,2025-12-02 11:00:00,2025-12-02 12:30:00,"HIST_V 260-W/LEC/101, PHIL_V 260-W/LEC/001Brain, RobertLEC3-16",Unknown,LEC
1001,BIOL,2025-12-03 11:00:00,2025-12-03 12:00:00,"CHIN_V 231-W/LEC/011Tao, HongyangLEC3-16",Unknown,LEC
1001,BIOL,2025-12-04 11:00:00,2025-12-04 12:30:00,"HIST_V 260-W/LEC/101, PHIL_V 260-W/LEC/001Brain, RobertLEC3-16",Unknown,LEC
1001,BIOL,2025-12-05 11:00:00,2025-12-05 12:00:00,"CHIN_V 231-W/LEC/011Tao, HongyangLEC3-16",Unknown,LEC
1001,BIOL,2025-12-01 12:00:00,2025-12-01 13:00:00,"BIOC_V 404-W/LEC/001Greenblatt, Ethan, Kim, Hugh, Measday, Vivien, Subramaniam, SriramLEC3-16",Unknown,LEC
1001,BIOL,2025-12-05 12:00:00,2025-12-05 13:00:00,"BIOC_V 404-W/LEC/001Greenblatt, Ethan, Kim, Hugh, Measday, Vivien, Subramaniam, SriramLEC3-16",Unknown,LEC
1001,BIOL,2025-12-03 13:00:00,2025-12-03 16:00:00,N/A,Unknown,OTHER
1001,BIOL,2025-12-02 14:00:00,2025-12-02 15:30:00,"WRDS_V 150-W/LEC/TR/1.5-HRCarruthers Den Hoed, Rebecca SuzanneLEC3-16",Unknown,LEC
1001,BIOL,2025-12-04 14:00:00,2025-12-04 15:30:00,"WRDS_V 150-W/LEC/TR/1.5-HRCarruthers Den Hoed, Rebecca SuzanneLEC3-16",Unknown,LEC
1001,BIOL,2025-12-01 16:00:00,2025-12-01 18:00:00,N/A,Unknown,OTHER
1001,BIOL,2025-12-03 17:00:00,2025-12-03 19:30:00,N/A,Unknown,OTHER
1001,BIOL,2025-12-01 18:00:00,2025-12-01 20:00:00,N/A,Unknown,OTHER
1001,BIOL,2025-12-02 18:00:00,2025-12-02 19:00:00,N/A,Unknown,OTHER
1012,BIOL,2025-12-06 07:00:00,2025-12-06 22:00:00,N/A,Unknown,OTHER
1012,BIOL,2025-12-04 09:00:00,2025-12-04 12:00:00,N/A,Unknown,OTHER
1012,BIOL,2025-12-02 09:30:00,2025-12-02 12:30:00,"BIOL_V 180-W/Lec/1D1Wasteneys, GeoffLEC3-16",Unknown,LEC
1012,BIOL,2025-12-01 10:00:00,2025-12-01 11:00:00,"ENPH_V 353-W/LEC/101Isbasescu, IoanLEC3-16",Unknown,LEC
1012,BIOL,2025-12-03 10:00:00,2025-12-03 11:00:00,N/A,Unknown,OTHER
1012,BIOL,2025-12-01 11:00:00,2025-12-01 13:00:00,N/A,Unknown,OTHER
1012,BIOL,2025-12-03 11:00:00,2025-12-03 12:30:00,"MICB_V 407-W/LEC/001, PATH_V 437-W/LEC/001Jassem, Agata, Horwitz, MarcLEC3-16",Unknown,LEC
1012,BIOL,2025-12-05 11:00:00,2025-12-05 12:30:00,"MICB_V 407-W/LEC/001, PATH_V 437-W/LEC/001Jassem, Agata, Horwitz, MarcLEC3-16",Unknown,LEC
1012,BIOL,2025-12-01 13:00:00,2025-12-01 14:00:00,"BIOL_V 463-W/LEC/101Kalas, PamelaLEC3-16",Unknown,LEC
1012,BIOL,2025-12-03 13:00:00,2025-12-03 14:00:00,"BIOL_V 463-W/LEC/101Kalas, PamelaLEC3-16",Unknown,LEC
1012,BIOL,2025-12-05 13:00:00,2025-12-05 14:00:00,"BIOL_V 463-W/LEC/101Kalas, PamelaLEC3-16",Unknown,LEC
1012,BIOL,2025-12-01 14:00:00,2025-12-01 17:00:00,N/A,Unknown,OTHER
1012,BIOL,2025-12-02 14:00:00,2025-12-02 17:00:00,"BIOL_V 180-W/Lec/1F1Norman, LynnLEC3-16",Unknown,LEC
1012,BIOL,2025-12-03 14:00:00,2025-12-03 17:00:00,N/A,Unknown,OTHER
1012,BIOL,2025-12-04 14:00:00,2025-12-04 17:00:00,"BIOL_V 180-W/Lec/1L1Wasteneys, GeoffLEC3-16",Unknown,LEC
1012,BIOL,2025-12-02 17:00:00,2025-12-02 18:00:00,N/A,Unknown,OTHER
1012,BIOL,2025-12-03 17:00:00,2025-12-03 19:30:00,N/A,Unknown,OTHER
1012,BIOL,2025-12-04 17:00:00,2025-12-04 19:30:00,N/A,Unknown,OTHER
1012,BIOL,2025-12-01 18:00:00,2025-12-01 19:00:00,N/A,Unknown,OTHER
1012,BIOL,2025-12-02 18:30:00,2025-12-02 19:30:00,N/A,Unknown,OTHER
2200,BIOL,2025-12-02 08:00:00,2025-12-02 09:30:00,"APSC_V 262-W/LEC/101, APSC_V 262-W/LEC/102, APSC_V 262-W/LEC/103Jameson, AlexanderLEC3-16",Unknown,LEC
2200,BIOL,2025-12-01 09:30:00,2025-12-01 11:00:00,"FNH_V 342-W/LEC/001Black, JenniferLEC3-16",Unknown,LEC
2200,BIOL,2025-12-02 09:30:00,2025-12-02 11:00:00,"CRWR_V 319-W/LEC/001Hopkinson, NoelleLEC3-16",Unknown,LEC
2200,BIOL,2025-12-03 09:30:00,2025-12-03 10:30:00,"UDES_V 504-W/LEC/101, DES_V 422-W/LEC/101Stevens, Sara, Abughannam, RanaLEC3-16",Unknown,LEC
2200,BIOL,2025-12-04 09:30:00,2025-12-04 11:00:00,"CRWR_V 319-W/LEC/001Hopkinson, NoelleLEC3-16",Unknown,LEC
2200,BIOL,2025-12-05 09:30:00,2025-12-05 11:00:00,"FNH_V 342-W/LEC/001Black, JenniferLEC3-16",Unknown,LEC
2200,BIOL,2025-12-03 10:30:00,2025-12-03 11:30:00,DES_V 422-W/LEC/101LEC3-16,Unknown,LEC
2200,BIOL,2025-12-02 11:00:00,2025-12-02 12:30:00,"NURS_V 280-W/LEC/001Gilbert, KristenLEC3-16",Unknown,LEC
2200,BIOL,2025-12-04 11:00:00,2025-12-04 12:30:00,"NURS_V 280-W/LEC/001Gilbert, KristenLEC3-16",Unknown,LEC
2200,BIOL,2025-12-03 12:00:00,2025-12-03 13:00:00,N/A,Unknown,OTHER
2200,BIOL,2025-12-01 12:30:00,2025-12-01 14:00:00,"CIVL_V 435-W/LEC/101Ventura, Carlos EstuardoLEC3-16",Unknown,LEC
2200,BIOL,2025-12-02 12:30:00,2025-12-02 14:00:00,"CHIN_V 485-W/LEC/011Zheng, BinLEC3-16",Unknown,LEC
2200,BIOL,2025-12-04 12:30:00,2025-12-04 14:00:00,"CHIN_V 485-W/LEC/011Zheng, BinLEC3-16",Unknown,LEC
2200,BIOL,2025-12-05 13:00:00,2025-12-05 15:00:00,"PCTH_V 404-W/LEC/001Bozek, Catrina, Singh, Amritpal, Carleton, Bruce, Horne, Andrew, Barr, Alasdair,",Unknown,LEC
2200,BIOL,2025-12-01 14:00:00,2025-12-01 15:00:00,"DENT_V 430-W/LEC/IGPLEC4-8, 10-12, 14-16",Unknown,LEC
2200,BIOL,2025-12-02 14:00:00,2025-12-02 15:30:00,"NSCI_V 487A-W/LEC/001Beasley, Clare LouiseLEC3-16",Unknown,LEC
2200,BIOL,2025-12-03 14:00:00,2025-12-03 17:00:00,"DES_V 430-W/LEC/101Roehr, DanielLEC3-16",Unknown,LEC
2200,BIOL,2025-12-04 14:00:00,2025-12-04 15:30:00,"NSCI_V 487A-W/LEC/001Beasley, Clare LouiseLEC3-16",Unknown,LEC
2200,BIOL,2025-12-01 15:00:00,2025-12-01 17:00:00,MICB_V 471-W/LEC/101LEC3-16,Unknown,LEC
2200,BIOL,2025-12-02 16:00:00,2025-12-02 17:00:00,N/A,Unknown,OTHER
2200,BIOL,2025-12-04 16:00:00,2025-12-04 19:30:00,N/A,Unknown,OTHER
1030,BRCS,2025-12-02 08:00:00,2025-12-02 09:30:00,"DSCI_V 513-W/LEC/001Zarkoob, HedayatLEC14-18",Unknown,LEC
1030,BRCS,2025-12-04 08:00:00,2025-12-04 09:30:00,"DSCI_V 513-W/LEC/001Zarkoob, HedayatLEC14-18",Unknown,LEC
1030,BRCS,2025-12-01 09:30:00,2025-12-01 11:00:00,"APBI_V 244-W/LEC/001, GEOS_V 200-W/LEC/101Liu, TianjiaLEC3-16",Unknown,LEC
1030,BRCS,2025-12-02 09:30:00,2025-12-02 11:00:00,"PSYC_V 305-W/LEC/001Goetz, FriedrichLEC3-16",Unknown,LEC
1030,BRCS,2025-12-03 09:30:00,2025-12-03 11:00:00,"APBI_V 244-W/LEC/001, GEOS_V 200-W/LEC/101Liu, TianjiaLEC3-16",Unknown,LEC
1030,BRCS,2025-12-04 09:30:00,2025-12-04 11:00:00,"PSYC_V 305-W/LEC/001Goetz, FriedrichLEC3-16",Unknown,LEC
1030,BRCS,2025-12-01 11:00:00,2025-12-01 12:00:00,"FNH_V 403-W/LEC/001Ross, NancyLEC3-16",Unknown,LEC
1030,BRCS,2025-12-02 11:00:00,2025-12-02 12:30:00,"PSYC_V 305-W/LEC/002Goetz, FriedrichLEC3-16",Unknown,LEC
1030,BRCS,2025-12-03 11:00:00,2025-12-03 12:00:00,"FNH_V 403-W/LEC/001Ross, NancyLEC3-16",Unknown,LEC
1030,BRCS,2025-12-04 11:00:00,2025-12-04 12:30:00,"PSYC_V 305-W/LEC/002Goetz, FriedrichLEC3-16",Unknown,LEC
1030,BRCS,2025-12-05 11:00:00,2025-12-05 12:00:00,"FNH_V 403-W/LEC/001Ross, NancyLEC3-16",Unknown,LEC
1030,BRCS,2025-12-01 12:00:00,2025-12-01 13:00:00,"PSYC_V 322-W/LEC/001Jose, Miguel Antonio Del RosarioLEC3-16",Unknown,LEC
1030,BRCS,2025-12-03 12:00:00,2025-12-03 13:00:00,"PSYC_V 322-W/LEC/001Jose, Miguel Antonio Del RosarioLEC3-16",Unknown,LEC
1030,BRCS,2025-12-05 12:00:00,2025-12-05 13:00:00,"PSYC_V 322-W/LEC/001Jose, Miguel Antonio Del RosarioLEC3-16",Unknown,LEC
1030,BRCS,2025-12-02 12:30:00,2025-12-02 14:00:00,"KIN_V 120-W/LEC/001Gallo, MariaLEC3-16",Unknown,LEC
1030,BRCS,2025-12-04 12:30:00,2025-12-04 14:00:00,"KIN_V 120-W/LEC/001Gallo, MariaLEC3-16",Unknown,LEC
1030,BRCS,2025-12-01 13:00:00,2025-12-01 14:00:00,"POLI_V 100-W/LEC/227, POLI_V 100-W/LEC/228McKay, SpencerLEC3-16",Unknown,LEC
1030,BRCS,2025-12-03 13:00:00,2025-12-03 14:00:00,"POLI_V 100-W/LEC/227, POLI_V 100-W/LEC/228McKay, SpencerLEC3-16",Unknown,LEC
1030,BRCS,2025-12-05 13:00:00,2025-12-05 14:00:00,"POLI_V 100-W/LEC/227, POLI_V 100-W/LEC/228McKay, SpencerLEC3-16",Unknown,LEC
1030,BRCS,2025-12-01 14:00:00,2025-12-01 15:30:00,"ECON_V 370-W/LEC/002Chapple, CliveLEC3-16",Unknown,LEC
1030,BRCS,2025-12-02 14:00:00,2025-12-02 15:30:00,"ECON_V 101-W/LEC/013Drelichman, MauricioLEC3-16",Unknown,LEC
1030,BRCS,2025-12-03 14:00:00,2025-12-03 15:30:00,"ECON_V 370-W/LEC/002Chapple, CliveLEC3-16",Unknown,LEC
1030,BRCS,2025-12-04 14:00:00,2025-12-04 15:30:00,"ECON_V 101-W/LEC/013Drelichman, MauricioLEC3-16",Unknown,LEC
1030,BRCS,2025-12-05 14:00:00,2025-12-05 17:00:00,N/A,Unknown,OTHER
1030,BRCS,2025-12-01 15:30:00,2025-12-01 17:00:00,"ECON_V 370-W/LEC/001Chapple, CliveLEC3-16",Unknown,LEC
1030,BRCS,2025-12-03 15:30:00,2025-12-03 17:00:00,"ECON_V 370-W/LEC/001Chapple, CliveLEC3-16",Unknown,LEC
1030,BRCS,2025-12-04 15:30:00,2025-12-04 17:00:00,"CRWR_V 213-W/LEC/CAPMoss, JenniferLEC3-16",Unknown,LEC
1030,BRCS,2025-12-02 16:00:00,2025-12-02 19:00:00,"PSYC_V 302-W/LEC/002Werker, JanetLEC3-16",Unknown,LEC
2070,BRCS,2025-12-01 09:30:00,2025-12-01 11:00:00,"FMST_V 314-W/LEC/101Dawczyk, AnnaLEC3-16",Unknown,LEC
2070,BRCS,2025-12-02 09:30:00,2025-12-02 11:00:00,"CENS_V 203-W/LEC/1, NORD_V 341-W/LEC/1Frandy, TimLEC3-16",Unknown,LEC
2070,BRCS,2025-12-03 09:30:00,2025-12-03 11:00:00,"FMST_V 314-W/LEC/101Dawczyk, AnnaLEC3-16",Unknown,LEC
2070,BRCS,2025-12-04 09:30:00,2025-12-04 11:00:00,"CENS_V 203-W/LEC/1, NORD_V 341-W/LEC/1Frandy, TimLEC3-16",Unknown,LEC
2070,BRCS,2025-12-01 11:00:00,2025-12-01 12:30:00,"ARCL_V 235-W/001Speller, CamillaLEC3-16",Unknown,LEC
2070,BRCS,2025-12-02 11:00:00,2025-12-02 12:30:00,"GMST_V 335-W/LEC/101Gassner, FlorianLEC3-16",Unknown,LEC
2070,BRCS,2025-12-03 11:00:00,2025-12-03 12:30:00,"ARCL_V 235-W/001Speller, CamillaLEC3-16",Unknown,LEC
2070,BRCS,2025-12-04 11:00:00,2025-12-04 12:30:00,"GMST_V 335-W/LEC/101Gassner, FlorianLEC3-16",Unknown,LEC
2070,BRCS,2025-12-01 12:30:00,2025-12-01 14:00:00,"POLI_V 332A-W/LEC/001Sharif, SallyLEC3-16",Unknown,LEC
2070,BRCS,2025-12-02 12:30:00,2025-12-02 14:00:00,"ASIA_V 326-W/LEC/013Blum, HaleyLEC3-16",Unknown,LEC
2070,BRCS,2025-12-03 12:30:00,2025-12-03 14:00:00,"POLI_V 332A-W/LEC/001Sharif, SallyLEC3-16",Unknown,LEC
2070,BRCS,2025-12-04 12:30:00,2025-12-04 14:00:00,"ASIA_V 326-W/LEC/013Blum, HaleyLEC3-16",Unknown,LEC
2070,BRCS,2025-12-01 14:00:00,2025-12-01 15:30:00,"RMST_V 340-W/LEC/101Zhang, GaohengLEC3-16",Unknown,LEC
2070,BRCS,2025-12-02 14:00:00,2025-12-02 15:30:00,"GEOG_V 497-W/LEC/101Kuhn, McKenzieLEC3-16",Unknown,LEC
2070,BRCS,2025-12-03 14:00:00,2025-12-03 15:30:00,"RMST_V 340-W/LEC/101Zhang, GaohengLEC3-16",Unknown,LEC
2070,BRCS,2025-12-04 14:00:00,2025-12-04 15:30:00,"GEOG_V 497-W/LEC/101Kuhn, McKenzieLEC3-16",Unknown,LEC
2070,BRCS,2025-12-01 15:30:00,2025-12-01 17:00:00,"SOCI_V 102-W/LEC/101Greer, KerryLEC3-16",Unknown,LEC
2070,BRCS,2025-12-02 15:30:00,2025-12-02 17:00:00,"CENS_V 202-W/LEC/102Lieblang, JasonLEC3-16",Unknown,LEC
2070,BRCS,2025-12-03 15:30:00,2025-12-03 17:00:00,"SOCI_V 102-W/LEC/101Greer, KerryLEC3-16",Unknown,LEC
2070,BRCS,2025-12-04 15:30:00,2025-12-04 17:00:00,"CENS_V 202-W/LEC/102Lieblang, JasonLEC3-16",Unknown,LEC
A101,BUCH,2025-12-02 09:30:00,2025-12-02 11:00:00,"POLI_V 100-W/LEC/002Hopkins, VincentLEC3-16",Unknown,LEC
A101,BUCH,2025-12-04 09:30:00,2025-12-04 11:00:00,"POLI_V 100-W/LEC/002Hopkins, VincentLEC3-16",Unknown,LEC
A101,BUCH,2025-12-01 10:00:00,2025-12-01 11:00:00,"POLI_V 101-W/LEC/001Baier, GeraldLEC3-16",Unknown,LEC
A101,BUCH,2025-12-03 10:00:00,2025-12-03 11:00:00,"POLI_V 101-W/LEC/001Baier, GeraldLEC3-16",Unknown,LEC
A101,BUCH,2025-12-05 10:00:00,2025-12-05 11:00:00,"POLI_V 101-W/LEC/001Baier, GeraldLEC3-16",Unknown,LEC
A101,BUCH,2025-12-01 11:00:00,2025-12-01 12:00:00,"KIN_V 110-W/LEC/001Inglis, J TimothyLEC3-16",Unknown,LEC
A101,BUCH,2025-12-02 11:00:00,2025-12-02 12:30:00,"CRWR_V 209-W/LEC/001Vigna, JohnLEC3-16",Unknown,LEC
A101,BUCH,2025-12-03 11:00:00,2025-12-03 12:00:00,"KIN_V 110-W/LEC/001Inglis, J TimothyLEC3-16",Unknown,LEC
A101,BUCH,2025-12-05 11:00:00,2025-12-05 12:00:00,"KIN_V 110-W/LEC/001Inglis, J TimothyLEC3-16",Unknown,LEC
A101,BUCH,2025-12-02 12:30:00,2025-12-02 14:00:00,"CRWR_V 203-W/LEC/001Kyi, TanyaLEC3-16",Unknown,LEC
A101,BUCH,2025-12-03 12:30:00,2025-12-03 14:00:00,"CRWR_V 206-W/LEC/001Morais, CarlosLEC3-16",Unknown,LEC
A101,BUCH,2025-12-04 12:30:00,2025-12-04 14:00:00,"CRWR_V 203-W/LEC/001Kyi, TanyaLEC3-16",Unknown,LEC
A101,BUCH,2025-12-01 14:00:00,2025-12-01 15:30:00,"DSCI_V 100-W/LEC/004Yu, Hoi Yin Eugenia, Chen, DanielLEC3-16",Unknown,LEC
A101,BUCH,2025-12-02 14:00:00,2025-12-02 15:00:00,N/A,Unknown,OTHER
A101,BUCH,2025-12-03 14:00:00,2025-12-03 15:30:00,"DSCI_V 100-W/LEC/004Yu, Hoi Yin Eugenia, Chen, DanielLEC3-16",Unknown,LEC
A101,BUCH,2025-12-04 14:00:00,2025-12-04 15:30:00,"CRWR_V 213-W/LEC/001Clark, RaymondLEC3-16",Unknown,LEC
A101,BUCH,2025-12-02 15:30:00,2025-12-02 17:30:00,"HIST_V 112-W/LEC/002Christopoulos, JohnLEC3-16",Unknown,LEC
A101,BUCH,2025-12-03 15:30:00,2025-12-03 20:00:00,N/A,Unknown,OTHER
A101,BUCH,2025-12-04 15:30:00,2025-12-04 17:00:00,"HIST_V 240-W/LEC/101Christopoulos, JohnLEC3-16",Unknown,LEC
A102,BUCH,2025-12-05 08:30:00,2025-12-05 13:00:00,N/A,Unknown,OTHER
A102,BUCH,2025-12-01 09:00:00,2025-12-01 10:00:00,"ENGL_V 110-W/LEC/001Potter, TiffanyLEC3-16",Unknown,LEC
A102,BUCH,2025-12-03 09:00:00,2025-12-03 10:00:00,"ENGL_V 110-W/LEC/001Potter, TiffanyLEC3-16",Unknown,LEC
A102,BUCH,2025-12-02 09:30:00,2025-12-02 11:00:00,"POLI_V 304-W/LEC/001Prest, StewartLEC3-16",Unknown,LEC
A102,BUCH,2025-12-04 09:30:00,2025-12-04 11:00:00,"POLI_V 304-W/LEC/001Prest, StewartLEC3-16",Unknown,LEC
A102,BUCH,2025-12-01 10:00:00,2025-12-01 11:00:00,"AMNE_V 151-W/LEC/001McElduff, SiobhanLEC3-16",Unknown,LEC
A102,BUCH,2025-12-03 10:00:00,2025-12-03 11:00:00,"AMNE_V 151-W/LEC/001McElduff, SiobhanLEC3-16",Unknown,LEC
A102,BUCH,2025-12-01 11:00:00,2025-12-01 12:00:00,"ENGL_V 111-W/LEC/001Burgess, MirandaLEC3-16",Unknown,LEC
A102,BUCH,2025-12-02 11:00:00,2025-12-02 12:30:00,"LASO_V 350A-W/LEC/101Miller, BradleyLEC3-16",Unknown,LEC
A102,BUCH,2025-12-03 11:00:00,2025-12-03 12:00:00,"ENGL_V 111-W/LEC/001Burgess, MirandaLEC3-16",Unknown,LEC
A102,BUCH,2025-12-04 11:00:00,2025-12-04 12:30:00,"LASO_V 350A-W/LEC/101Miller, BradleyLEC3-16",Unknown,LEC
A102,BUCH,2025-12-01 12:30:00,2025-12-01 14:00:00,"ANTH_V 203-W/LEC/001Wainer, RafaelLEC3-16",Unknown,LEC
A102,BUCH,2025-12-02 12:30:00,2025-12-02 14:00:00,"ECON_V 227-W/LEC/001Graves, JonathanLEC3-16",Unknown,LEC
A102,BUCH,2025-12-03 12:30:00,2025-12-03 14:00:00,"ANTH_V 203-W/LEC/001Wainer, RafaelLEC3-16",Unknown,LEC
A102,BUCH,2025-12-04 12:30:00,2025-12-04 14:00:00,"ECON_V 227-W/LEC/001Graves, JonathanLEC3-16",Unknown,LEC
A102,BUCH,2025-12-01 14:00:00,2025-12-01 15:30:00,"POLI_V 341A-W/LEC/001Afsahi, AfsounLEC3-16",Unknown,LEC
A102,BUCH,2025-12-02 14:00:00,2025-12-02 15:30:00,"SOCI_V 250-W/LEC/101Chan, ElicLEC3-16",Unknown,LEC
A102,BUCH,2025-12-03 14:00:00,2025-12-03 15:30:00,"POLI_V 341A-W/LEC/001Afsahi, AfsounLEC3-16",Unknown,LEC
A102,BUCH,2025-12-04 14:00:00,2025-12-04 15:30:00,"SOCI_V 250-W/LEC/101Chan, ElicLEC3-16",Unknown,LEC
A102,BUCH,2025-12-05 14:30:00,2025-12-05 18:00:00,N/A,Unknown,OTHER
A102,BUCH,2025-12-02 15:30:00,2025-12-02 17:00:00,"PSYC_V 300-W/LEC/003Yip, JenniferLEC3-16",Unknown,LEC
A102,BUCH,2025-12-04 15:30:00,2025-12-04 17:00:00,"PSYC_V 300-W/LEC/003Yip, JenniferLEC3-16",Unknown,LEC
A102,BUCH,2025-12-02 17:00:00,2025-12-02 20:00:00,"PSYC_V 350-W/LEC/2Goldsmith, KaitlynLEC3-16",Unknown,LEC
A102,BUCH,2025-12-03 17:00:00,2025-12-03 20:00:00,"CRWR_V 312-W/001Clark, RaymondLEC3-16",Unknown,LEC
A103,BUCH,2025-12-02 08:00:00,2025-12-02 09:30:00,"MATH_V 307-W/LEC/103Walls, Patrick, Alacaoglu, AhmetLEC3-16",Unknown,LEC
A103,BUCH,2025-12-04 08:00:00,2025-12-04 09:30:00,"MATH_V 307-W/LEC/103Walls, Patrick, Alacaoglu, AhmetLEC3-16",Unknown,LEC
A103,BUCH,2025-12-01 09:30:00,2025-12-01 11:00:00,"POLI_V 345A-W/LEC/001Afsahi, AfsounLEC3-16",Unknown,LEC
A103,BUCH,2025-12-02 09:30:00,2025-12-02 11:00:00,"MATH_V 319-W/LEC/101Martens, Adam, Rechnitzer, AndrewLEC3-16",Unknown,LEC
A103,BUCH,2025-12-03 09:30:00,2025-12-03 11:00:00,"POLI_V 345A-W/LEC/001Afsahi, AfsounLEC3-16",Unknown,LEC
A103,BUCH,2025-12-04 09:30:00,2025-12-04 11:00:00,"MATH_V 319-W/LEC/101Martens, Adam, Rechnitzer, AndrewLEC3-16",Unknown,LEC
A103,BUCH,2025-12-01 11:00:00,2025-12-01 12:00:00,"MATH_V 300-W/LEC/101Tsai, Tai-PengLEC3-16",Unknown,LEC
A103,BUCH,2025-12-02 11:00:00,2025-12-02 12:30:00,"ECON_V 325-W/LEC/001Song, KyungchulLEC3-16",Unknown,LEC
A103,BUCH,2025-12-03 11:00:00,2025-12-03 12:00:00,"MATH_V 300-W/LEC/101Tsai, Tai-PengLEC3-16",Unknown,LEC
A103,BUCH,2025-12-04 11:00:00,2025-12-04 12:30:00,"ECON_V 325-W/LEC/001Song, KyungchulLEC3-16",Unknown,LEC
A103,BUCH,2025-12-05 11:00:00,2025-12-05 12:00:00,"MATH_V 300-W/LEC/101Tsai, Tai-PengLEC3-16",Unknown,LEC
A103,BUCH,2025-12-01 12:00:00,2025-12-01 13:00:00,"PHIL_V 101-W/LEC/001Margolis, EricLEC3-16",Unknown,LEC
A103,BUCH,2025-12-03 12:00:00,2025-12-03 13:00:00,"PHIL_V 101-W/LEC/001Margolis, EricLEC3-16",Unknown,LEC
A103,BUCH,2025-12-02 12:30:00,2025-12-02 14:00:00,"RMST_V 201-W/LEC/101Piechocki, KatharinaLEC3-16",Unknown,LEC
A103,BUCH,2025-12-04 12:30:00,2025-12-04 14:00:00,"RMST_V 201-W/LEC/101Piechocki, KatharinaLEC3-16",Unknown,LEC
A103,BUCH,2025-12-01 13:00:00,2025-12-01 14:00:00,"ENGL_V 110-W/LEC/004Cavell, Richard AnthonyLEC3-16",Unknown,LEC
A103,BUCH,2025-12-03 13:00:00,2025-12-03 14:00:00,"ENGL_V 110-W/LEC/004Cavell, Richard AnthonyLEC3-16",Unknown,LEC
A103,BUCH,2025-12-02 14:00:00,2025-12-02 15:30:00,"SOCI_V 302-W/LEC/101Robinson, OralLEC3-16",Unknown,LEC
A103,BUCH,2025-12-04 14:00:00,2025-12-04 15:30:00,"SOCI_V 302-W/LEC/101Robinson, OralLEC3-16",Unknown,LEC
A103,BUCH,2025-12-02 15:30:00,2025-12-02 17:00:00,"HIST_V 104A-W/LEC/227, HIST_V 104A-W/LEC/1Miller, BradleyLEC3-16",Unknown,LEC
A103,BUCH,2025-12-04 15:30:00,2025-12-04 17:00:00,"HIST_V 104A-W/LEC/227, HIST_V 104A-W/LEC/1Miller, BradleyLEC3-16",Unknown,LEC
A103,BUCH,2025-12-01 17:00:00,2025-12-01 18:00:00,"PHIL_V 332-W/LEC/901Chan, Yu ShingLEC3-16",Unknown,LEC
A103,BUCH,2025-12-03 17:00:00,2025-12-03 18:00:00,"PHIL_V 332-W/LEC/901Chan, Yu ShingLEC3-16",Unknown,LEC
A103,BUCH,2025-12-04 17:00:00,2025-12-04 19:00:00,N/A,Unknown,OTHER
A103,BUCH,2025-12-03 18:00:00,2025-12-03 20:00:00,N/A,Unknown,OTHER
A104,BUCH,2025-12-02 09:30:00,2025-12-02 11:00:00,"PSYC_V 314-W/LEC/001King, DavidLEC3-16",Unknown,LEC
A104,BUCH,2025-12-04 09:30:00,2025-12-04 11:00:00,"PSYC_V 314-W/LEC/001King, DavidLEC3-16",Unknown,LEC
A104,BUCH,2025-12-01 10:00:00,2025-12-01 11:00:00,"ANTH_V 100A-W/LEC/001Zeweri, HelenaLEC3-16",Unknown,LEC
A104,BUCH,2025-12-03 10:00:00,2025-12-03 11:00:00,"ANTH_V 100A-W/LEC/001Zeweri, HelenaLEC3-16",Unknown,LEC
A104,BUCH,2025-12-01 11:00:00,2025-12-01 12:00:00,"PSYC_V 319-W/LEC/002May, LillianLEC3-16",Unknown,LEC
A104,BUCH,2025-12-02 11:00:00,2025-12-02 12:30:00,"PSYC_V 314-W/LEC/002King, DavidLEC3-16",Unknown,LEC
A104,BUCH,2025-12-03 11:00:00,2025-12-03 12:00:00,"PSYC_V 319-W/LEC/002May, LillianLEC3-16",Unknown,LEC
A104,BUCH,2025-12-04 11:00:00,2025-12-04 12:30:00,"PSYC_V 314-W/LEC/002King, DavidLEC3-16",Unknown,LEC
A104,BUCH,2025-12-05 11:00:00,2025-12-05 12:00:00,"PSYC_V 319-W/LEC/002May, LillianLEC3-16",Unknown,LEC
A104,BUCH,2025-12-01 12:00:00,2025-12-01 13:00:00,"PSYC_V 319-W/LEC/003May, LillianLEC3-16",Unknown,LEC
A104,BUCH,2025-12-03 12:00:00,2025-12-03 13:00:00,"PSYC_V 319-W/LEC/003May, LillianLEC3-16",Unknown,LEC
A104,BUCH,2025-12-05 12:00:00,2025-12-05 13:00:00,"PSYC_V 319-W/LEC/003May, LillianLEC3-16",Unknown,LEC
A104,BUCH,2025-12-02 12:30:00,2025-12-02 14:00:00,"ECON_V 374-W/LEC/001, FRE_V 374-W/LEC/001Vaney, MichaelLEC3-16",Unknown,LEC
A104,BUCH,2025-12-04 12:30:00,2025-12-04 14:00:00,"ECON_V 374-W/LEC/001, FRE_V 374-W/LEC/001Vaney, MichaelLEC3-16",Unknown,LEC
A104,BUCH,2025-12-01 13:00:00,2025-12-01 14:00:00,"HIST_V 235-W/LEC/101Ducharme, MichelLEC3-16",Unknown,LEC
A104,BUCH,2025-12-03 13:00:00,2025-12-03 14:00:00,"HIST_V 235-W/LEC/101Ducharme, MichelLEC3-16",Unknown,LEC
A104,BUCH,2025-12-01 14:00:00,2025-12-01 15:30:00,"SOCI_V 220-W/LEC/101Huyser, KimberlyLEC3-16",Unknown,LEC
A104,BUCH,2025-12-02 14:00:00,2025-12-02 15:30:00,"PSYC_V 208-W/LEC/001King, DavidLEC3-16",Unknown,LEC
A104,BUCH,2025-12-03 14:00:00,2025-12-03 15:30:00,"SOCI_V 220-W/LEC/101Huyser, KimberlyLEC3-16",Unknown,LEC
A104,BUCH,2025-12-04 14:00:00,2025-12-04 15:30:00,"PSYC_V 208-W/LEC/001King, DavidLEC3-16",Unknown,LEC
A104,BUCH,2025-12-01 15:30:00,2025-12-01 17:00:00,"POLI_V 341D-W/LEC/001Santeusanio, JoshuaLEC3-16",Unknown,LEC
A104,BUCH,2025-12-02 15:30:00,2025-12-02 16:30:00,"LASO_V 204-W/LEC/101Fitzpatrick, BrendaLEC3-16",Unknown,LEC
A104,BUCH,2025-12-03 15:30:00,2025-12-03 17:00:00,"POLI_V 341D-W/LEC/001Santeusanio, JoshuaLEC3-16",Unknown,LEC
A104,BUCH,2025-12-04 15:30:00,2025-12-04 16:30:00,"LASO_V 204-W/LEC/101Fitzpatrick, BrendaLEC3-16",Unknown,LEC
A104,BUCH,2025-12-03 17:00:00,2025-12-03 20:00:00,"PSYC_V 217-W/LEC/901Rivers, AndrewLEC3-16",Unknown,LEC
A104,BUCH,2025-12-05 17:00:00,2025-12-05 20:00:00,N/A,Unknown,OTHER
A201,BUCH,2025-12-01 09:00:00,2025-12-01 10:00:00,"PSYC_V 306-W/LEC/002Soma, KiranLEC3-16",Unknown,LEC
A201,BUCH,2025-12-03 09:00:00,2025-12-03 10:00:00,"PSYC_V 306-W/LEC/002Soma, KiranLEC3-16",Unknown,LEC
A201,BUCH,2025-12-05 09:00:00,2025-12-05 10:00:00,"PSYC_V 306-W/LEC/002Soma, KiranLEC3-16",Unknown,LEC
A201,BUCH,2025-12-02 09:30:00,2025-12-02 11:00:00,"MATH_V 220-W/LEC/101Walji, NahidLEC3-16",Unknown,LEC
A201,BUCH,2025-12-04 09:30:00,2025-12-04 11:00:00,"MATH_V 220-W/LEC/101Walji, NahidLEC3-16",Unknown,LEC
A201,BUCH,2025-12-01 10:00:00,2025-12-01 11:00:00,"ENGL_V 110-W/LEC/002Dick, AlexanderLEC3-16",Unknown,LEC
A201,BUCH,2025-12-03 10:00:00,2025-12-03 11:00:00,"ENGL_V 110-W/LEC/002Dick, AlexanderLEC3-16",Unknown,LEC
A201,BUCH,2025-12-01 11:00:00,2025-12-01 12:00:00,"ARCL_V 103-W/LEC/001Walker, SamanthaLEC3-16",Unknown,LEC
A201,BUCH,2025-12-02 11:00:00,2025-12-02 12:30:00,"ECON_V 371-W/LEC/001Baylis, PatrickLEC3-16",Unknown,LEC
A201,BUCH,2025-12-03 11:00:00,2025-12-03 12:00:00,"ARCL_V 103-W/LEC/001Walker, SamanthaLEC3-16",Unknown,LEC
A201,BUCH,2025-12-04 11:00:00,2025-12-04 12:30:00,"ECON_V 371-W/LEC/001Baylis, PatrickLEC3-16",Unknown,LEC
A201,BUCH,2025-12-01 12:00:00,2025-12-01 13:00:00,"ENGL_V 110-W/LEC/003Guy-Bray, StephenLEC3-16",Unknown,LEC
A201,BUCH,2025-12-03 12:00:00,2025-12-03 13:00:00,"ENGL_V 110-W/LEC/003Guy-Bray, StephenLEC3-16",Unknown,LEC
A201,BUCH,2025-12-02 12:30:00,2025-12-02 14:00:00,"HIST_V 361-W/LEC/101Silver, LaraLEC3-16",Unknown,LEC
A201,BUCH,2025-12-04 12:30:00,2025-12-04 14:00:00,"HIST_V 361-W/LEC/101Silver, LaraLEC3-16",Unknown,LEC
A201,BUCH,2025-12-01 13:00:00,2025-12-01 14:00:00,"ARCL_V 228-W/LEC/001Meyers, JuliaLEC3-16",Unknown,LEC
A201,BUCH,2025-12-03 13:00:00,2025-12-03 14:00:00,"ARCL_V 228-W/LEC/001Meyers, JuliaLEC3-16",Unknown,LEC
A201,BUCH,2025-12-05 13:00:00,2025-12-05 14:00:00,"ARCL_V 228-W/LEC/001Meyers, JuliaLEC3-16",Unknown,LEC
A201,BUCH,2025-12-01 14:00:00,2025-12-01 15:00:00,"PHIL_V 385-W/LEC/001Kraal, AndersLEC3-16",Unknown,LEC
A201,BUCH,2025-12-02 14:00:00,2025-12-02 15:30:00,"ECON_V 371-W/LEC/002Baylis, PatrickLEC3-16",Unknown,LEC
A201,BUCH,2025-12-03 14:00:00,2025-12-03 15:00:00,"PHIL_V 385-W/LEC/001Kraal, AndersLEC3-16",Unknown,LEC
A201,BUCH,2025-12-04 14:00:00,2025-12-04 15:30:00,"ECON_V 371-W/LEC/002Baylis, PatrickLEC3-16",Unknown,LEC
A201,BUCH,2025-12-05 14:00:00,2025-12-05 15:00:00,"PHIL_V 385-W/LEC/001Kraal, AndersLEC3-16",Unknown,LEC
A201,BUCH,2025-12-01 15:30:00,2025-12-01 17:00:00,"ECON_V 345-W/LEC/001Newman, GeoffreyLEC3-16",Unknown,LEC
A201,BUCH,2025-12-02 15:30:00,2025-12-02 17:00:00,N/A,Unknown,OTHER
A201,BUCH,2025-12-03 15:30:00,2025-12-03 17:00:00,"ECON_V 345-W/LEC/001Newman, GeoffreyLEC3-16",Unknown,LEC
A201,BUCH,2025-12-04 15:30:00,2025-12-04 17:00:00,N/A,Unknown,OTHER
A201,BUCH,2025-12-01 17:00:00,2025-12-01 18:30:00,"ECON_V 356-W/LEC/001Hnatkovska, ViktoriyaLEC3-16",Unknown,LEC
A201,BUCH,2025-12-02 17:00:00,2025-12-02 20:00:00,"PSYC_V 304B-W/LEC/901Hosking, JeremyLEC3-16, 21-26, 28-34",Unknown,LEC
A201,BUCH,2025-12-03 17:00:00,2025-12-03 18:30:00,"ECON_V 356-W/LEC/001Hnatkovska, ViktoriyaLEC3-16",Unknown,LEC
A201,BUCH,2025-12-05 17:00:00,2025-12-05 20:00:00,N/A,Unknown,OTHER
A202,BUCH,2025-12-01 09:30:00,2025-12-01 11:00:00,"ECON_V 326-W/LEC/001Graves, JonathanLEC3-16",Unknown,LEC
A202,BUCH,2025-12-02 09:30:00,2025-12-02 11:00:00,"POLI_V 376-W/LEC/002Farkasch, RobertLEC3-16",Unknown,LEC
A202,BUCH,2025-12-03 09:30:00,2025-12-03 11:00:00,"ECON_V 326-W/LEC/001Graves, JonathanLEC3-16",Unknown,LEC
A202,BUCH,2025-12-04 09:30:00,2025-12-04 11:00:00,"POLI_V 376-W/LEC/002Farkasch, RobertLEC3-16",Unknown,LEC
A202,BUCH,2025-12-01 11:00:00,2025-12-01 12:00:00,"PSYC_V 217-W/LEC/002Cheung, BenjaminLEC3-16",Unknown,LEC
A202,BUCH,2025-12-02 11:00:00,2025-12-02 12:30:00,"ECON_V 455-W/LEC/002Juhasz, RekaLEC3-16",Unknown,LEC
A202,BUCH,2025-12-03 11:00:00,2025-12-03 12:00:00,"PSYC_V 217-W/LEC/002Cheung, BenjaminLEC3-16",Unknown,LEC
A202,BUCH,2025-12-04 11:00:00,2025-12-04 12:30:00,"ECON_V 455-W/LEC/002Juhasz, RekaLEC3-16",Unknown,LEC
A202,BUCH,2025-12-05 11:00:00,2025-12-05 12:00:00,"PSYC_V 217-W/LEC/002Cheung, BenjaminLEC3-16",Unknown,LEC
A202,BUCH,2025-12-01 12:00:00,2025-12-01 13:00:00,"PSYC_V 217-W/LEC/003Cheung, BenjaminLEC3-16",Unknown,LEC
A202,BUCH,2025-12-03 12:00:00,2025-12-03 13:00:00,"PSYC_V 217-W/LEC/003Cheung, BenjaminLEC3-16",Unknown,LEC
A202,BUCH,2025-12-05 12:00:00,2025-12-05 13:00:00,"PSYC_V 217-W/LEC/003Cheung, BenjaminLEC3-16",Unknown,LEC
A202,BUCH,2025-12-02 12:30:00,2025-12-02 14:00:00,"PHIL_V 351-W/LEC/001Dodd, Jordan RoyLEC3-16",Unknown,LEC
A202,BUCH,2025-12-04 12:30:00,2025-12-04 14:00:00,"PHIL_V 351-W/LEC/001Dodd, Jordan RoyLEC3-16",Unknown,LEC
A202,BUCH,2025-12-01 13:00:00,2025-12-01 14:00:00,"PSYC_V 217-W/LEC/004Dosso, Jill AshleyLEC3-16",Unknown,LEC
A202,BUCH,2025-12-03 13:00:00,2025-12-03 14:00:00,"PSYC_V 217-W/LEC/004Dosso, Jill AshleyLEC3-16",Unknown,LEC
A202,BUCH,2025-12-05 13:00:00,2025-12-05 14:00:00,"PSYC_V 217-W/LEC/004Dosso, Jill AshleyLEC3-16",Unknown,LEC
A202,BUCH,2025-12-01 14:00:00,2025-12-01 15:00:00,"PSYC_V 217-W/LEC/005Dosso, Jill AshleyLEC3-16",Unknown,LEC
A202,BUCH,2025-12-02 14:00:00,2025-12-02 15:30:00,"ANTH_V 378-W/LEC/001Shiva, AmirpouyanLEC3-16",Unknown,LEC
A202,BUCH,2025-12-03 14:00:00,2025-12-03 15:00:00,"PSYC_V 217-W/LEC/005Dosso, Jill AshleyLEC3-16",Unknown,LEC
A202,BUCH,2025-12-04 14:00:00,2025-12-04 15:30:00,"ANTH_V 378-W/LEC/001Shiva, AmirpouyanLEC3-16",Unknown,LEC
A202,BUCH,2025-12-05 14:00:00,2025-12-05 15:00:00,"PSYC_V 217-W/LEC/005Dosso, Jill AshleyLEC3-16",Unknown,LEC
A202,BUCH,2025-12-02 15:30:00,2025-12-02 17:00:00,"ANTH_V 217-W/LEC/001Rosenblum, DaisyLEC3-16",Unknown,LEC
A202,BUCH,2025-12-03 15:30:00,2025-12-03 17:00:00,"HIST_V 300-W/LEC/101Knutson, SaraLEC3-16",Unknown,LEC
A202,BUCH,2025-12-04 15:30:00,2025-12-04 17:00:00,"ANTH_V 217-W/LEC/001Rosenblum, DaisyLEC3-16",Unknown,LEC
A202,BUCH,2025-12-02 17:00:00,2025-12-02 18:30:00,"PHIL_V 338-W/LEC/901Lukits, StefanLEC3-16",Unknown,LEC
A202,BUCH,2025-12-03 17:00:00,2025-12-03 20:00:00,N/A,Unknown,OTHER
A202,BUCH,2025-12-04 17:00:00,2025-12-04 18:30:00,"PHIL_V 338-W/LEC/901Lukits, StefanLEC3-16",Unknown,LEC
A203,BUCH,2025-12-02 09:30:00,2025-12-02 11:00:00,"ECON_V 101-W/LEC/011Chapple, CliveLEC3-16",Unknown,LEC
A203,BUCH,2025-12-04 09:30:00,2025-12-04 11:00:00,"ECON_V 101-W/LEC/011Chapple, CliveLEC3-16",Unknown,LEC
A203,BUCH,2025-12-01 10:00:00,2025-12-01 11:00:00,"PHIL_V 316-W/LEC/001Kraal, AndersLEC3-16",Unknown,LEC
A203,BUCH,2025-12-03 10:00:00,2025-12-03 11:00:00,"PHIL_V 316-W/LEC/001Kraal, AndersLEC3-16",Unknown,LEC
A203,BUCH,2025-12-05 10:00:00,2025-12-05 11:00:00,"PHIL_V 316-W/LEC/001Kraal, AndersLEC3-16",Unknown,LEC
A203,BUCH,2025-12-01 11:00:00,2025-12-01 12:00:00,"PHIL_V 347-W/LEC/002Kraal, AndersLEC3-16",Unknown,LEC
A203,BUCH,2025-12-02 11:00:00,2025-12-02 12:00:00,"HIST_V 113-W/LEC/003Silver, LaraLEC3-16",Unknown,LEC
A203,BUCH,2025-12-03 11:00:00,2025-12-03 12:00:00,"PHIL_V 347-W/LEC/002Kraal, AndersLEC3-16",Unknown,LEC
A203,BUCH,2025-12-04 11:00:00,2025-12-04 12:00:00,"HIST_V 113-W/LEC/003Silver, LaraLEC3-16",Unknown,LEC
A203,BUCH,2025-12-05 11:00:00,2025-12-05 12:00:00,"PHIL_V 347-W/LEC/002Kraal, AndersLEC3-16",Unknown,LEC
A203,BUCH,2025-12-01 12:00:00,2025-12-01 13:00:00,"MATH_V 320-W/LEC/101Loewen, PhilipLEC3-16",Unknown,LEC
A203,BUCH,2025-12-03 12:00:00,2025-12-03 13:00:00,"MATH_V 320-W/LEC/101Loewen, PhilipLEC3-16",Unknown,LEC
A203,BUCH,2025-12-05 12:00:00,2025-12-05 13:00:00,"MATH_V 320-W/LEC/101Loewen, PhilipLEC3-16",Unknown,LEC
A203,BUCH,2025-12-02 12:30:00,2025-12-02 14:00:00,"PHIL_V 211-W/LEC/001, AMNE_V 235-W/LEC/001Kraal, AndersLEC3-16",Unknown,LEC
A203,BUCH,2025-12-04 12:30:00,2025-12-04 14:00:00,"PHIL_V 211-W/LEC/001, AMNE_V 235-W/LEC/001Kraal, AndersLEC3-16",Unknown,LEC
A203,BUCH,2025-12-01 13:00:00,2025-12-01 14:00:00,"PHIL_V 313-W/LEC/001Kraal, AndersLEC3-16",Unknown,LEC
A203,BUCH,2025-12-03 13:00:00,2025-12-03 14:00:00,"PHIL_V 313-W/LEC/001Kraal, AndersLEC3-16",Unknown,LEC
A203,BUCH,2025-12-05 13:00:00,2025-12-05 14:00:00,"PHIL_V 313-W/LEC/001Kraal, AndersLEC3-16",Unknown,LEC
A203,BUCH,2025-12-01 14:00:00,2025-12-01 15:00:00,AMNE_V 251-W/LEC/001LEC3-16,Unknown,LEC
A203,BUCH,2025-12-02 14:00:00,2025-12-02 15:30:00,"GERN_V 101-W/LEC/101Gramling, DavidLEC3-16",Unknown,LEC
A203,BUCH,2025-12-03 14:00:00,2025-12-03 15:00:00,AMNE_V 251-W/LEC/001LEC3-16,Unknown,LEC
A203,BUCH,2025-12-04 14:00:00,2025-12-04 15:30:00,"GERN_V 101-W/LEC/101Gramling, DavidLEC3-16",Unknown,LEC
A203,BUCH,2025-12-05 14:00:00,2025-12-05 15:00:00,AMNE_V 251-W/LEC/001LEC3-16,Unknown,LEC
A203,BUCH,2025-12-01 15:30:00,2025-12-01 17:00:00,"POLI_V 369I-W/LEC/001Zamani, MasoudLEC3-16",Unknown,LEC
A203,BUCH,2025-12-02 15:30:00,2025-12-02 17:00:00,"SOCI_V 310-W/LEC/101Robinson, OralLEC3-16",Unknown,LEC
A203,BUCH,2025-12-03 15:30:00,2025-12-03 17:00:00,"POLI_V 369I-W/LEC/001Zamani, MasoudLEC3-16",Unknown,LEC
A203,BUCH,2025-12-04 15:30:00,2025-12-04 17:00:00,"SOCI_V 310-W/LEC/101Robinson, OralLEC3-16",Unknown,LEC
A203,BUCH,2025-12-05 16:00:00,2025-12-05 17:00:00,N/A,Unknown,OTHER
A203,BUCH,2025-12-02 17:00:00,2025-12-02 21:00:00,"ASIA_V 354-W/LEC/011Laird, ColleenLEC3-16",Unknown,LEC
A203,BUCH,2025-12-03 17:00:00,2025-12-03 21:00:00,N/A,Unknown,OTHER
A203,BUCH,2025-12-04 17:00:00,2025-12-04 18:00:00,N/A,Unknown,OTHER
B141,BUCH,2025-12-02 09:30:00,2025-12-02 11:00:00,"FREN_V 201-W/109Nassehi, ZoeLEC3-16",Unknown,LEC
B141,BUCH,2025-12-04 09:30:00,2025-12-04 11:00:00,"FREN_V 201-W/109Nassehi, ZoeLEC3-16",Unknown,LEC
B141,BUCH,2025-12-01 10:00:00,2025-12-01 11:00:00,"HIST_V 101-W/LEC/001Knutson, SaraLEC3-16",Unknown,LEC
B141,BUCH,2025-12-03 10:00:00,2025-12-03 11:00:00,"HIST_V 101-W/LEC/001Knutson, SaraLEC3-16",Unknown,LEC
B141,BUCH,2025-12-05 10:00:00,2025-12-05 11:00:00,"HIST_V 101-W/LEC/001Knutson, SaraLEC3-16",Unknown,LEC
B141,BUCH,2025-12-01 11:00:00,2025-12-01 12:00:00,"ENGL_V 384A-W/LEC/001Cavell, Richard AnthonyLEC3-16",Unknown,LEC
B141,BUCH,2025-12-02 11:00:00,2025-12-02 12:30:00,"GRSJ_V 325-W/LEC/101Sia, RosanneLEC3-16",Unknown,LEC
B141,BUCH,2025-12-03 11:00:00,2025-12-03 12:00:00,"ENGL_V 384A-W/LEC/001Cavell, Richard AnthonyLEC3-16",Unknown,LEC
B141,BUCH,2025-12-04 11:00:00,2025-12-04 12:30:00,"GRSJ_V 325-W/LEC/101Sia, RosanneLEC3-16",Unknown,LEC
B141,BUCH,2025-12-05 11:00:00,2025-12-05 12:00:00,"ENGL_V 384A-W/LEC/001Cavell, Richard AnthonyLEC3-16",Unknown,LEC
B141,BUCH,2025-12-01 12:00:00,2025-12-01 13:00:00,"ENGL_V 224-W/LEC/001Dinat, DeenaLEC3-16",Unknown,LEC
B141,BUCH,2025-12-03 12:00:00,2025-12-03 13:00:00,"ENGL_V 224-W/LEC/001Dinat, DeenaLEC3-16",Unknown,LEC
B141,BUCH,2025-12-05 12:00:00,2025-12-05 13:00:00,"ENGL_V 224-W/LEC/001Dinat, DeenaLEC3-16",Unknown,LEC
B141,BUCH,2025-12-02 12:30:00,2025-12-02 14:00:00,N/A,Unknown,OTHER
B141,BUCH,2025-12-04 12:30:00,2025-12-04 14:00:00,N/A,Unknown,OTHER
B141,BUCH,2025-12-01 13:00:00,2025-12-01 14:00:00,"ENGL_V 374A-W/LEC/002Antwi, PhanuelLEC3-16",Unknown,LEC
B141,BUCH,2025-12-03 13:00:00,2025-12-03 14:00:00,"ENGL_V 374A-W/LEC/002Antwi, PhanuelLEC3-16",Unknown,LEC
B141,BUCH,2025-12-05 13:00:00,2025-12-05 14:00:00,"ENGL_V 374A-W/LEC/002Antwi, PhanuelLEC3-16",Unknown,LEC
B141,BUCH,2025-12-01 14:00:00,2025-12-01 15:00:00,"ENGL_V 300-W/LEC/001Paltin, JudithLEC3-16",Unknown,LEC
B141,BUCH,2025-12-02 14:00:00,2025-12-02 15:30:00,"SLAV_V 323A-W/LEC/101Morozova, OlenaLEC3-16",Unknown,LEC
B141,BUCH,2025-12-03 14:00:00,2025-12-03 15:00:00,"ENGL_V 300-W/LEC/001Paltin, JudithLEC3-16",Unknown,LEC
B141,BUCH,2025-12-04 14:00:00,2025-12-04 15:30:00,"SLAV_V 323A-W/LEC/101Morozova, OlenaLEC3-16",Unknown,LEC
B141,BUCH,2025-12-05 14:00:00,2025-12-05 15:00:00,"ENGL_V 300-W/LEC/001Paltin, JudithLEC3-16",Unknown,LEC
B141,BUCH,2025-12-01 15:00:00,2025-12-01 16:00:00,"ENGL_V 231-W/LEC/001Hunt, DallasLEC3-16",Unknown,LEC
B141,BUCH,2025-12-03 15:00:00,2025-12-03 16:00:00,"ENGL_V 231-W/LEC/001Hunt, DallasLEC3-16",Unknown,LEC
B141,BUCH,2025-12-05 15:00:00,2025-12-05 16:00:00,"ENGL_V 231-W/LEC/001Hunt, DallasLEC3-16",Unknown,LEC
B141,BUCH,2025-12-02 15:30:00,2025-12-02 17:00:00,"ANTH_V 407-W/LEC/001Shiva, AmirpouyanLEC3-16",Unknown,LEC
B141,BUCH,2025-12-04 15:30:00,2025-12-04 17:00:00,"ANTH_V 407-W/LEC/001Shiva, AmirpouyanLEC3-16",Unknown,LEC
B141,BUCH,2025-12-02 17:00:00,2025-12-02 18:00:00,N/A,Unknown,OTHER
B141,BUCH,2025-12-01 18:00:00,2025-12-01 21:00:00,N/A,Unknown,OTHER
B141,BUCH,2025-12-04 18:00:00,2025-12-04 21:00:00,N/A,Unknown,OTHER
B208,BUCH,2025-12-01 09:00:00,2025-12-01 10:00:00,"SPAN_V 101-W/LEC/101Escobar Trujillo, Maria AdelaidaLEC3-16",Unknown,LEC
B208,BUCH,2025-12-03 09:00:00,2025-12-03 10:00:00,"SPAN_V 101-W/LEC/101Escobar Trujillo, Maria AdelaidaLEC3-16",Unknown,LEC
B208,BUCH,2025-12-05 09:00:00,2025-12-05 10:00:00,"SPAN_V 101-W/LEC/101Escobar Trujillo, Maria AdelaidaLEC3-16",Unknown,LEC
B208,BUCH,2025-12-02 09:30:00,2025-12-02 11:00:00,"ENGL_V 392A-W/LEC/001Bose, SarikaLEC3-16",Unknown,LEC
B208,BUCH,2025-12-04 09:30:00,2025-12-04 11:00:00,"ENGL_V 392A-W/LEC/001Bose, SarikaLEC3-16",Unknown,LEC
B208,BUCH,2025-12-01 10:00:00,2025-12-01 11:00:00,"FREN_V 101-W/LEC/102Milet, SolineLEC3-16",Unknown,LEC
B208,BUCH,2025-12-03 10:00:00,2025-12-03 11:00:00,"FREN_V 101-W/LEC/102Milet, SolineLEC3-16",Unknown,LEC
B208,BUCH,2025-12-05 10:00:00,2025-12-05 11:00:00,"FREN_V 101-W/LEC/102Milet, SolineLEC3-16",Unknown,LEC
B208,BUCH,2025-12-01 11:00:00,2025-12-01 12:00:00,"SPAN_V 101-W/LEC/103Albarran Caselles, OlgaLEC3-16",Unknown,LEC
B208,BUCH,2025-12-02 11:00:00,2025-12-02 12:30:00,"PHIL_V 314-W/001Amijee, FatemaLEC3-16",Unknown,LEC
B208,BUCH,2025-12-03 11:00:00,2025-12-03 12:00:00,"SPAN_V 101-W/LEC/103Albarran Caselles, OlgaLEC3-16",Unknown,LEC
B208,BUCH,2025-12-04 11:00:00,2025-12-04 12:30:00,"PHIL_V 314-W/001Amijee, FatemaLEC3-16",Unknown,LEC
B208,BUCH,2025-12-05 11:00:00,2025-12-05 12:00:00,"SPAN_V 101-W/LEC/103Albarran Caselles, OlgaLEC3-16",Unknown,LEC
B208,BUCH,2025-12-01 12:00:00,2025-12-01 13:00:00,"SPAN_V 101-W/LEC/104Albarran Caselles, OlgaLEC3-16",Unknown,LEC
B208,BUCH,2025-12-03 12:00:00,2025-12-03 13:00:00,"SPAN_V 101-W/LEC/104Albarran Caselles, OlgaLEC3-16",Unknown,LEC
B208,BUCH,2025-12-05 12:00:00,2025-12-05 13:00:00,"SPAN_V 101-W/LEC/104Albarran Caselles, OlgaLEC3-16",Unknown,LEC
B208,BUCH,2025-12-01 13:00:00,2025-12-01 14:00:00,"FREN_V 101-W/LEC/105Blanc, MagaliLEC3-16",Unknown,LEC
B208,BUCH,2025-12-03 13:00:00,2025-12-03 14:00:00,"FREN_V 101-W/LEC/105Blanc, MagaliLEC3-16",Unknown,LEC
B208,BUCH,2025-12-05 13:00:00,2025-12-05 14:00:00,"FREN_V 101-W/LEC/105Blanc, MagaliLEC3-16",Unknown,LEC
B208,BUCH,2025-12-01 14:00:00,2025-12-01 15:30:00,"HIST_V 397-W/LEC/101Glassheim, EagleLEC3-16",Unknown,LEC
B208,BUCH,2025-12-02 14:00:00,2025-12-02 15:30:00,"SOCI_V 280-W/LEC/101Nelson, LauraLEC3-16",Unknown,LEC
B208,BUCH,2025-12-03 14:00:00,2025-12-03 15:30:00,"HIST_V 397-W/LEC/101Glassheim, EagleLEC3-16",Unknown,LEC
B208,BUCH,2025-12-04 14:00:00,2025-12-04 15:30:00,"SOCI_V 280-W/LEC/101Nelson, LauraLEC3-16",Unknown,LEC
B208,BUCH,2025-12-05 14:00:00,2025-12-05 15:00:00,N/A,Unknown,OTHER
B208,BUCH,2025-12-02 15:30:00,2025-12-02 17:00:00,FREN_V 101-W/LEC/111LEC3-16,Unknown,LEC
B208,BUCH,2025-12-04 15:30:00,2025-12-04 17:00:00,FREN_V 101-W/LEC/111LEC3-16,Unknown,LEC
B208,BUCH,2025-12-01 16:00:00,2025-12-01 17:00:00,N/A,Unknown,OTHER
B208,BUCH,2025-12-03 16:00:00,2025-12-03 17:00:00,N/A,Unknown,OTHER
B208,BUCH,2025-12-02 17:00:00,2025-12-02 18:30:00,"FREN_V 101-W/LEC/112Lubert, JoyceLEC3-16",Unknown,LEC
B208,BUCH,2025-12-03 17:00:00,2025-12-03 18:00:00,N/A,Unknown,OTHER
B208,BUCH,2025-12-04 17:00:00,2025-12-04 18:30:00,"FREN_V 101-W/LEC/112Lubert, JoyceLEC3-16",Unknown,LEC
B209,BUCH,2025-12-05 09:00:00,2025-12-05 10:00:00,N/A,Unknown,OTHER
B209,BUCH,2025-12-02 09:30:00,2025-12-02 11:00:00,"SPAN_V 321-W/LEC/101Fernandez Utrera, Maria SoledadLEC3-16",Unknown,LEC
B209,BUCH,2025-12-04 09:30:00,2025-12-04 11:00:00,"SPAN_V 321-W/LEC/101Fernandez Utrera, Maria SoledadLEC3-16",Unknown,LEC
B209,BUCH,2025-12-01 10:00:00,2025-12-01 11:00:00,"ENGL_V 100-W/LEC/002Moss, LauraLEC3-16",Unknown,LEC
B209,BUCH,2025-12-03 10:00:00,2025-12-03 11:00:00,"ENGL_V 100-W/LEC/002Moss, LauraLEC3-16",Unknown,LEC
B209,BUCH,2025-12-05 10:00:00,2025-12-05 11:00:00,"ENGL_V 100-W/LEC/002Moss, LauraLEC3-16",Unknown,LEC
B209,BUCH,2025-12-01 11:00:00,2025-12-01 12:30:00,"RMST_V 310C-W/LEC/1Ziethen, AntjeLEC3-16",Unknown,LEC
B209,BUCH,2025-12-02 11:00:00,2025-12-02 12:30:00,N/A,Unknown,OTHER
B209,BUCH,2025-12-03 11:00:00,2025-12-03 12:30:00,"RMST_V 310C-W/LEC/1Ziethen, AntjeLEC3-16",Unknown,LEC
B209,BUCH,2025-12-04 11:00:00,2025-12-04 12:30:00,N/A,Unknown,OTHER
B209,BUCH,2025-12-05 12:00:00,2025-12-05 13:00:00,N/A,Unknown,OTHER
B209,BUCH,2025-12-02 12:30:00,2025-12-02 14:00:00,"SPAN_V 406-W/LEC/101Fernandez Utrera, Maria SoledadLEC3-16",Unknown,LEC
B209,BUCH,2025-12-04 12:30:00,2025-12-04 14:00:00,"SPAN_V 406-W/LEC/101Fernandez Utrera, Maria SoledadLEC3-16",Unknown,LEC
B209,BUCH,2025-12-01 13:00:00,2025-12-01 14:00:00,"GERN_V 101-W/LEC/104Kumar, UmaLEC3-16",Unknown,LEC
B209,BUCH,2025-12-03 13:00:00,2025-12-03 14:00:00,"GERN_V 101-W/LEC/104Kumar, UmaLEC3-16",Unknown,LEC
B209,BUCH,2025-12-05 13:00:00,2025-12-05 14:00:00,"GERN_V 101-W/LEC/104Kumar, UmaLEC3-16",Unknown,LEC
B209,BUCH,2025-12-01 14:00:00,2025-12-01 15:00:00,N/A,Unknown,OTHER
B209,BUCH,2025-12-02 14:00:00,2025-12-02 15:30:00,"APBI_V 415-W/LEC/002MacRae, AmeliaLEC3-16",Unknown,LEC
B209,BUCH,2025-12-03 14:00:00,2025-12-03 15:00:00,N/A,Unknown,OTHER
B209,BUCH,2025-12-04 14:00:00,2025-12-04 15:30:00,"APBI_V 415-W/LEC/002MacRae, AmeliaLEC3-16",Unknown,LEC
B209,BUCH,2025-12-05 14:00:00,2025-12-05 15:00:00,N/A,Unknown,OTHER
B209,BUCH,2025-12-03 15:00:00,2025-12-03 17:00:00,"ARCH_V 548-W/LEC/101Soules, MatthewLEC3-16",Unknown,LEC
B209,BUCH,2025-12-04 16:30:00,2025-12-04 17:30:00,N/A,Unknown,OTHER
B209,BUCH,2025-12-03 18:00:00,2025-12-03 19:30:00,N/A,Unknown,OTHER
B210,BUCH,2025-12-02 09:30:00,2025-12-02 11:00:00,GRSJ_V 224A-W/LEC/102LEC3-16,Unknown,LEC
B210,BUCH,2025-12-04 09:30:00,2025-12-04 11:00:00,GRSJ_V 224A-W/LEC/102LEC3-16,Unknown,LEC
B210,BUCH,2025-12-05 10:00:00,2025-12-05 11:00:00,N/A,Unknown,OTHER
B210,BUCH,2025-12-02 11:00:00,2025-12-02 12:30:00,"ENGL_V 373-W/LEC/001McCormack, BrendanLEC3-16",Unknown,LEC
B210,BUCH,2025-12-04 11:00:00,2025-12-04 12:30:00,"ENGL_V 373-W/LEC/001McCormack, BrendanLEC3-16",Unknown,LEC
B210,BUCH,2025-12-05 11:00:00,2025-12-05 12:00:00,N/A,Unknown,OTHER
B210,BUCH,2025-12-01 12:00:00,2025-12-01 13:00:00,N/A,Unknown,OTHER
B210,BUCH,2025-12-03 12:00:00,2025-12-03 13:00:00,N/A,Unknown,OTHER
B210,BUCH,2025-12-05 12:00:00,2025-12-05 13:00:00,N/A,Unknown,OTHER
B210,BUCH,2025-12-02 12:30:00,2025-12-02 14:00:00,"ENGL_V 368A-W/LEC/001Severs, JeffreyLEC3-16",Unknown,LEC
B210,BUCH,2025-12-04 12:30:00,2025-12-04 14:00:00,"ENGL_V 368A-W/LEC/001Severs, JeffreyLEC3-16",Unknown,LEC
B210,BUCH,2025-12-01 13:00:00,2025-12-01 14:00:00,"FREN_V 401-W/1Naami, NadiaLEC3-16",Unknown,LEC
B210,BUCH,2025-12-03 13:00:00,2025-12-03 14:00:00,"FREN_V 401-W/1Naami, NadiaLEC3-16",Unknown,LEC
B210,BUCH,2025-12-05 13:00:00,2025-12-05 14:00:00,"FREN_V 401-W/1Naami, NadiaLEC3-16",Unknown,LEC
B210,BUCH,2025-12-02 14:00:00,2025-12-02 16:00:00,"JAPN_V 100-W/LEC/006Kim, IhhwaLEC3-16",Unknown,LEC
B210,BUCH,2025-12-03 14:00:00,2025-12-03 15:30:00,"SOCI_V 415A-W/LEC/103Bartolic, SilviaLEC3-16",Unknown,LEC
B210,BUCH,2025-12-04 14:00:00,2025-12-04 16:00:00,"JAPN_V 100-W/LEC/006Kim, IhhwaLEC3-16",Unknown,LEC
B210,BUCH,2025-12-05 14:00:00,2025-12-05 15:30:00,"SOCI_V 415A-W/LEC/103Bartolic, SilviaLEC3-16",Unknown,LEC
B210,BUCH,2025-12-04 16:30:00,2025-12-04 17:30:00,N/A,Unknown,OTHER
B211,BUCH,2025-12-05 09:00:00,2025-12-05 10:00:00,N/A,Unknown,OTHER
B211,BUCH,2025-12-02 09:30:00,2025-12-02 11:00:00,"CINE_V 240-W/LEC/001Zaiontz, KerenLEC3-16",Unknown,LEC
B211,BUCH,2025-12-04 09:30:00,2025-12-04 11:00:00,"CINE_V 240-W/LEC/001Zaiontz, KerenLEC3-16",Unknown,LEC
B211,BUCH,2025-12-01 10:00:00,2025-12-01 11:00:00,"GERN_V 101-W/LEC/105Kumar, UmaLEC3-16",Unknown,LEC
B211,BUCH,2025-12-03 10:00:00,2025-12-03 11:00:00,"GERN_V 101-W/LEC/105Kumar, UmaLEC3-16",Unknown,LEC
B211,BUCH,2025-12-05 10:00:00,2025-12-05 11:00:00,"GERN_V 101-W/LEC/105Kumar, UmaLEC3-16",Unknown,LEC
B211,BUCH,2025-12-01 11:00:00,2025-12-01 12:00:00,"THTR_V 420-W/LEC/001Jiang, HanyangLEC3-16",Unknown,LEC
B211,BUCH,2025-12-02 11:00:00,2025-12-02 12:30:00,"SPAN_V 364-W/LEC/101Beauchesne, KimLEC3-16",Unknown,LEC
B211,BUCH,2025-12-03 11:00:00,2025-12-03 12:00:00,"THTR_V 420-W/LEC/001Jiang, HanyangLEC3-16",Unknown,LEC
B211,BUCH,2025-12-04 11:00:00,2025-12-04 12:30:00,"SPAN_V 364-W/LEC/101Beauchesne, KimLEC3-16",Unknown,LEC
B211,BUCH,2025-12-05 11:00:00,2025-12-05 12:00:00,"THTR_V 420-W/LEC/001Jiang, HanyangLEC3-16",Unknown,LEC
B211,BUCH,2025-12-01 12:00:00,2025-12-01 13:00:00,N/A,Unknown,OTHER
B211,BUCH,2025-12-03 12:30:00,2025-12-03 14:00:00,"SPAN_V 308-W/LEC/101Alvarez Moreno, RaulLEC3-16",Unknown,LEC
B211,BUCH,2025-12-05 12:30:00,2025-12-05 14:00:00,"SPAN_V 308-W/LEC/101Alvarez Moreno, RaulLEC3-16",Unknown,LEC
B211,BUCH,2025-12-01 13:00:00,2025-12-01 14:00:00,"JAPN_V 320-W/LEC/012Matsumoto, YasukoLEC3-16",Unknown,LEC
B211,BUCH,2025-12-02 13:00:00,2025-12-02 14:00:00,"JAPN_V 320-W/LEC/012Matsumoto, YasukoLEC3-16",Unknown,LEC
B211,BUCH,2025-12-04 13:00:00,2025-12-04 14:00:00,"JAPN_V 320-W/LEC/012Matsumoto, YasukoLEC3-16",Unknown,LEC
B211,BUCH,2025-12-01 14:00:00,2025-12-01 17:00:00,"CSIS_V 450A-W/LEC/1Puar, JasbirLEC3-16",Unknown,LEC
B211,BUCH,2025-12-02 14:00:00,2025-12-02 15:00:00,N/A,Unknown,OTHER
B211,BUCH,2025-12-03 14:00:00,2025-12-03 15:00:00,N/A,Unknown,OTHER
B211,BUCH,2025-12-04 14:00:00,2025-12-04 17:00:00,N/A,Unknown,OTHER
B211,BUCH,2025-12-05 14:00:00,2025-12-05 15:00:00,N/A,Unknown,OTHER
B211,BUCH,2025-12-03 15:00:00,2025-12-03 16:00:00,N/A,Unknown,OTHER
